dataset,year,months,first_month,last_month,zip_gb
spot_klines_1s,2017,5,2017-08,2017-12,0.12
spot_klines_1s,2018,12,2018-01,2018-12,0.75
spot_klines_1s,2019,12,2019-01,2019-12,0.92
spot_klines_1s,2020,12,2020-01,2020-12,1.08
spot_klines_1s,2021,12,2021-01,2021-12,1.25
spot_klines_1s,2022,12,2022-01,2022-12,1.19
spot_klines_1s,2023,12,2023-01,2023-12,1.0
spot_klines_1s,2024,12,2024-01,2024-12,0.98
spot_klines_1s,2025,12,2025-01,2025-12,0.93
spot_klines_1s,2026,8,2026-01,2026-08,0.58
um_aggTrades,2020,12,2020-01,2020-12,2.61
um_aggTrades,2021,12,2021-01,2021-12,10.35
um_aggTrades,2022,12,2022-01,2022-12,7.37
um_aggTrades,2023,12,2023-01,2023-12,5.35
um_aggTrades,2024,12,2024-01,2024-12,6.82
um_aggTrades,2025,12,2025-01,2025-12,6.7
um_aggTrades,2026,9,2026-01,2026-09,5.26
um_klines_1m,2020,12,2020-01,2020-12,0.02
um_klines_1m,2021,12,2021-01,2021-12,0.02
um_klines_1m,2022,12,2022-01,2022-12,0.02
um_klines_1m,2023,12,2023-01,2023-12,0.02
um_klines_1m,2024,12,2024-01,2024-12,0.02
um_klines_1m,2025,12,2025-01,2025-12,0.02
um_klines_1m,2026,9,2026-01,2026-09,0.02
um_trades,2019,4,2019-09,2019-12,0.29
um_trades,2020,12,2020-01,2020-12,3.33
um_trades,2021,12,2021-01,2021-12,13.19
um_trades,2022,12,2022-01,2022-12,11.94
um_trades,2023,12,2023-01,2023-12,10.51
um_trades,2024,12,2024-01,2024-12,11.72
um_trades,2025,12,2025-01,2025-12,10.33
um_trades,2026,9,2026-01,2026-09,8.06
