year,us_edt_first_day,us_edt_last_day,uk_bst_first_day,uk_bst_last_day,london_ny_4h_spans,london_ny_4h_days
2018,2018-03-11,2018-11-03,2018-03-25,2018-10-27,2018-03-11..2018-03-24 (14d); 2018-10-28..2018-11-03 (7d),21
2019,2019-03-10,2019-11-02,2019-03-31,2019-10-26,2019-03-10..2019-03-30 (21d); 2019-10-27..2019-11-02 (7d),28
2020,2020-03-08,2020-10-31,2020-03-29,2020-10-24,2020-03-08..2020-03-28 (21d); 2020-10-25..2020-10-31 (7d),28
2021,2021-03-14,2021-11-06,2021-03-28,2021-10-30,2021-03-14..2021-03-27 (14d); 2021-10-31..2021-11-06 (7d),21
2022,2022-03-13,2022-11-05,2022-03-27,2022-10-29,2022-03-13..2022-03-26 (14d); 2022-10-30..2022-11-05 (7d),21
2023,2023-03-12,2023-11-04,2023-03-26,2023-10-28,2023-03-12..2023-03-25 (14d); 2023-10-29..2023-11-04 (7d),21
2024,2024-03-10,2024-11-02,2024-03-31,2024-10-26,2024-03-10..2024-03-30 (21d); 2024-10-27..2024-11-02 (7d),28
2025,2025-03-09,2025-11-01,2025-03-30,2025-10-25,2025-03-09..2025-03-29 (21d); 2025-10-26..2025-11-01 (7d),28
2026,2026-03-08,2026-10-31,2026-03-29,2026-10-24,2026-03-08..2026-03-28 (21d); 2026-10-25..2026-10-31 (7d),28
