month,zip_bytes,rows,header_row,max_price_decimals,second_decimal_nonzero,ts_digits
2020-01,1829116,44640,False,2,True,13
2020-02,1726957,41760,False,2,True,13
2020-03,1908886,44640,False,2,True,13
2020-04,1833303,43200,False,2,True,13
2020-05,1917755,44640,False,2,True,13
2020-06,1790292,43200,False,2,True,13
2020-07,1808294,44640,False,2,True,13
2020-08,1883510,44640,False,2,True,13
2020-09,1816087,43200,False,2,True,13
2020-10,1865118,44640,False,2,True,13
2020-11,1905251,43200,False,2,True,13
2020-12,1974734,44640,False,2,True,13
2021-01,2057786,44640,False,2,True,13
2021-02,1851915,40320,False,2,True,13
2021-03,2053085,44640,False,2,True,13
2021-04,1971044,43200,False,2,True,13
2021-05,2087690,44640,False,2,True,13
2021-06,2015140,43200,False,2,True,13
2021-07,2037166,44640,False,2,True,13
2021-08,2049960,44640,False,2,True,13
2021-09,1970475,43200,False,2,True,13
2021-10,2040146,44640,False,2,True,13
2021-11,1963552,43200,False,2,True,13
2021-12,2033812,44640,False,2,True,13
2022-01,2029103,44640,True,2,True,13
2022-02,1795701,40320,True,2,True,13
2022-03,1922190,44640,True,2,True,13
2022-04,1833665,43200,True,2,True,13
2022-05,1926294,44640,True,2,True,13
2022-06,1875823,43200,True,2,False,13
2022-07,1925230,44640,True,2,False,13
2022-08,1897142,44640,True,2,False,13
2022-09,1842043,43200,True,2,False,13
2022-10,1847485,44640,True,2,False,13
2022-11,1801135,43200,True,2,False,13
2022-12,1765742,44640,True,2,False,13
2023-01,1824474,44640,True,2,False,13
2023-02,1688103,40320,True,2,False,13
2023-03,1907895,44640,True,2,False,13
2023-04,1810833,43200,True,2,False,13
2023-05,1859563,44640,True,2,False,13
2023-06,1806762,43200,True,2,False,13
2023-07,1805388,44640,True,2,False,13
2023-08,1781029,44640,True,2,False,13
2023-09,1729534,43200,True,2,False,13
2023-10,1829597,44640,True,2,False,13
2023-11,1783820,43200,True,2,False,13
2023-12,1874380,44640,True,2,False,13
2024-01,1898532,44640,True,2,False,13
2024-02,1770127,41760,True,2,True,13
2024-03,1950611,44640,True,2,False,13
2024-04,1870249,43200,True,2,False,13
2024-05,1896566,44640,True,2,False,13
2024-06,1789499,43200,True,2,False,13
2024-07,1912408,44640,True,2,False,13
2024-08,1919190,44640,True,2,True,13
2024-09,1829434,43200,True,2,False,13
2024-10,1878910,44640,True,2,False,13
2024-11,1876449,43200,True,2,False,13
2024-12,1929835,44640,True,2,False,13
2025-01,1917878,44640,True,2,False,13
2025-02,1718529,40320,True,2,False,13
2025-03,1919175,44640,True,2,False,13
2025-04,1846549,43200,True,2,False,13
2025-05,1904964,44640,True,2,False,13
2025-06,1817901,43200,True,2,False,13
2025-07,1868400,44640,True,2,False,13
2025-08,1871971,44640,True,2,False,13
2025-09,1782066,43200,True,2,False,13
2025-10,1913274,44640,True,2,False,13
2025-11,1856815,43200,True,2,False,13
2025-12,1868657,44640,True,2,False,13
2026-01,1852279,44640,True,2,False,13
2026-02,1743792,40320,True,2,False,13
2026-03,1911731,44640,True,2,False,13
2026-04,1810071,43200,True,2,False,13
2026-05,1845894,44640,True,2,False,13
2026-06,1838455,43200,True,2,False,13
2026-07,1844583,44640,True,2,False,13
2026-08,1817920,44640,True,2,False,13
2026-09,1796984,43200,True,2,False,13
