month,events,interval_hours_set,hours_utc_set
2020-01,93,8,"0,8,16"
2020-02,87,8,"0,8,16"
2020-03,93,8,"0,8,16"
2020-04,90,8,"0,8,16"
2020-05,93,8,"0,8,16"
2020-06,90,8,"0,8,16"
2020-07,93,8,"0,8,16"
2020-08,93,8,"0,8,16"
2020-09,90,8,"0,8,16"
2020-10,93,8,"0,8,16"
2020-11,90,8,"0,8,16"
2020-12,93,8,"0,8,16"
2021-01,93,8,"0,8,16"
2021-02,84,8,"0,8,16"
2021-03,93,8,"0,8,16"
2021-04,90,8,"0,8,16"
2021-05,93,8,"0,8,16"
2021-06,90,8,"0,8,16"
2021-07,93,8,"0,8,16"
2021-08,93,8,"0,8,16"
2021-09,90,8,"0,8,16"
2021-10,93,8,"0,8,16"
2021-11,90,8,"0,8,16"
2021-12,93,8,"0,8,16"
2022-01,93,8,"0,8,16"
2022-02,84,8,"0,8,16"
2022-03,93,8,"0,8,16"
2022-04,90,8,"0,8,16"
2022-05,93,8,"0,8,16"
2022-06,90,8,"0,8,16"
2022-07,93,8,"0,8,16"
2022-08,93,8,"0,8,16"
2022-09,90,8,"0,8,16"
2022-10,93,8,"0,8,16"
2022-11,90,8,"0,8,16"
2022-12,93,8,"0,8,16"
2023-01,93,8,"0,8,16"
2023-02,84,8,"0,8,16"
2023-03,93,8,"0,8,16"
2023-04,90,8,"0,8,16"
2023-05,93,8,"0,8,16"
2023-06,90,8,"0,8,16"
2023-07,93,8,"0,8,16"
2023-08,93,8,"0,8,16"
2023-09,90,8,"0,8,16"
2023-10,93,8,"0,8,16"
2023-11,90,8,"0,8,16"
2023-12,93,8,"0,8,16"
2024-01,93,8,"0,8,16"
2024-02,87,8,"0,8,16"
2024-03,93,8,"0,8,16"
2024-04,90,8,"0,8,16"
2024-05,93,8,"0,8,16"
2024-06,90,8,"0,8,16"
2024-07,93,8,"0,8,16"
2024-08,93,8,"0,8,16"
2024-09,90,8,"0,8,16"
2024-10,93,8,"0,8,16"
2024-11,90,8,"0,8,16"
2024-12,93,8,"0,8,16"
2025-01,93,8,"0,8,16"
2025-02,84,8,"0,8,16"
2025-03,93,8,"0,8,16"
2025-04,90,8,"0,8,16"
2025-05,93,8,"0,8,16"
2025-06,90,8,"0,8,16"
2025-07,93,8,"0,8,16"
2025-08,93,8,"0,8,16"
2025-09,90,8,"0,8,16"
2025-10,93,8,"0,8,16"
2025-11,90,8,"0,8,16"
2025-12,93,8,"0,8,16"
2026-01,93,8,"0,8,16"
2026-02,84,8,"0,8,16"
2026-03,93,8,"0,8,16"
2026-04,90,8,"0,8,16"
2026-05,93,8,"0,8,16"
2026-06,90,8,"0,8,16"
2026-07,93,8,"0,8,16"
2026-08,93,8,"0,8,16"
2026-09,90,8,"0,8,16"
