utc_bucket_start,us_standard_time_pct,us_daylight_time_pct
00:00,0.50079,0.48926
00:05,0.35999,0.34341
00:10,0.34145,0.32975
00:15,0.35722,0.35339
00:20,0.33794,0.3445
00:25,0.31243,0.31292
00:30,0.32565,0.34771
00:35,0.31862,0.31734
00:40,0.30217,0.29288
00:45,0.30756,0.31145
00:50,0.27428,0.29322
00:55,0.27043,0.27048
01:00,0.33068,0.34599
01:05,0.31636,0.31644
01:10,0.31576,0.29739
01:15,0.31635,0.3115
01:20,0.30667,0.28703
01:25,0.27866,0.27377
01:30,0.32434,0.30755
01:35,0.32643,0.2838
01:40,0.27868,0.27587
01:45,0.30191,0.28767
01:50,0.26857,0.26417
01:55,0.26204,0.25855
02:00,0.33429,0.32686
02:05,0.31714,0.27594
02:10,0.29116,0.26548
02:15,0.2912,0.27931
02:20,0.28475,0.2724
02:25,0.25307,0.26407
02:30,0.28783,0.29463
02:35,0.26323,0.26156
02:40,0.25391,0.23531
02:45,0.25584,0.25345
02:50,0.23671,0.24878
02:55,0.24727,0.23089
03:00,0.2876,0.2783
03:05,0.27127,0.27034
03:10,0.2478,0.25193
03:15,0.2562,0.26948
03:20,0.24088,0.25351
03:25,0.23289,0.24149
03:30,0.27345,0.256
03:35,0.23815,0.22915
03:40,0.23331,0.22381
03:45,0.23129,0.22419
03:50,0.2274,0.21069
03:55,0.22152,0.2169
04:00,0.30232,0.30114
04:05,0.2395,0.24928
04:10,0.23672,0.23609
04:15,0.25934,0.24475
04:20,0.23988,0.23127
04:25,0.21838,0.21986
04:30,0.23042,0.23312
04:35,0.22279,0.22036
04:40,0.22306,0.2068
04:45,0.22535,0.2216
04:50,0.19787,0.20372
04:55,0.20925,0.20416
05:00,0.24341,0.26303
05:05,0.22156,0.23118
05:10,0.20624,0.22911
05:15,0.21711,0.25034
05:20,0.22208,0.23725
05:25,0.20714,0.22281
05:30,0.225,0.25082
05:35,0.21585,0.23875
05:40,0.21413,0.23
05:45,0.2367,0.242
05:50,0.21241,0.23929
05:55,0.2124,0.22755
06:00,0.25554,0.30717
06:05,0.2316,0.26531
06:10,0.22684,0.25227
06:15,0.24098,0.2788
06:20,0.23148,0.2561
06:25,0.20437,0.25834
06:30,0.22935,0.27409
06:35,0.22224,0.26833
06:40,0.21816,0.25386
06:45,0.23568,0.2712
06:50,0.22454,0.25368
06:55,0.22127,0.23758
07:00,0.25874,0.33046
07:05,0.25102,0.29719
07:10,0.24649,0.28663
07:15,0.26161,0.31105
07:20,0.25319,0.28649
07:25,0.24234,0.27912
07:30,0.26537,0.32586
07:35,0.26556,0.30909
07:40,0.26308,0.29023
07:45,0.26842,0.31139
07:50,0.25096,0.30292
07:55,0.2436,0.28634
08:00,0.36538,0.41287
08:05,0.32107,0.36415
08:10,0.30295,0.32785
08:15,0.32815,0.35267
08:20,0.31732,0.32278
08:25,0.31559,0.31108
08:30,0.33446,0.34328
08:35,0.30372,0.32973
08:40,0.28326,0.30094
08:45,0.31345,0.3297
08:50,0.28694,0.2893
08:55,0.28686,0.26798
09:00,0.35349,0.33595
09:05,0.32891,0.31246
09:10,0.31323,0.28232
09:15,0.32999,0.31208
09:20,0.30227,0.30591
09:25,0.30421,0.28526
09:30,0.31592,0.32458
09:35,0.31947,0.29831
09:40,0.29198,0.2885
09:45,0.29417,0.31646
09:50,0.29157,0.29635
09:55,0.28397,0.28115
10:00,0.34871,0.36325
10:05,0.30844,0.31992
10:10,0.29181,0.29708
10:15,0.3263,0.31384
10:20,0.29434,0.31597
10:25,0.27095,0.30243
10:30,0.29728,0.33471
10:35,0.27692,0.30988
10:40,0.26395,0.30294
10:45,0.28444,0.30858
10:50,0.28202,0.27495
10:55,0.2808,0.27111
11:00,0.31735,0.34565
11:05,0.31736,0.32238
11:10,0.28671,0.30205
11:15,0.29358,0.31967
11:20,0.2871,0.31216
11:25,0.28509,0.29333
11:30,0.31547,0.34078
11:35,0.30483,0.31301
11:40,0.29584,0.30667
11:45,0.30632,0.32424
11:50,0.30021,0.31493
11:55,0.3129,0.31791
12:00,0.43197,0.47849
12:05,0.4025,0.39512
12:10,0.37638,0.38122
12:15,0.36461,0.41251
12:20,0.35848,0.37853
12:25,0.32869,0.39104
12:30,0.35179,0.8543
12:35,0.33245,0.52024
12:40,0.34716,0.46889
12:45,0.36696,0.47011
12:50,0.32875,0.41344
12:55,0.33246,0.38654
13:00,0.39781,0.47555
13:05,0.37653,0.42912
13:10,0.37191,0.40965
13:15,0.40392,0.45657
13:20,0.38179,0.4267
13:25,0.3811,0.42317
13:30,0.78197,0.79075
13:35,0.51462,0.78217
13:40,0.45405,0.78106
13:45,0.48895,0.80748
13:50,0.47498,0.73107
13:55,0.42056,0.65422
14:00,0.52105,0.86624
14:05,0.46901,0.75711
14:10,0.44391,0.69236
14:15,0.47459,0.72551
14:20,0.46516,0.6868
14:25,0.4413,0.65698
14:30,0.83872,0.73544
14:35,0.83311,0.6673
14:40,0.78402,0.61985
14:45,0.84961,0.65402
14:50,0.75314,0.5927
14:55,0.70654,0.56872
15:00,0.87791,0.71005
15:05,0.71639,0.6338
15:10,0.67982,0.57827
15:15,0.722,0.60805
15:20,0.67076,0.56068
15:25,0.636,0.5472
15:30,0.69552,0.59332
15:35,0.64024,0.5386
15:40,0.59223,0.51602
15:45,0.61902,0.52161
15:50,0.57443,0.49164
15:55,0.5364,0.46277
16:00,0.77022,0.68282
16:05,0.6721,0.55438
16:10,0.59544,0.49286
16:15,0.60149,0.52057
16:20,0.54021,0.49058
16:25,0.50263,0.46438
16:30,0.55733,0.47883
16:35,0.53052,0.43699
16:40,0.48217,0.42981
16:45,0.49529,0.45034
16:50,0.45243,0.41578
16:55,0.44369,0.37951
17:00,0.49257,0.48039
17:05,0.43795,0.44107
17:10,0.42666,0.39359
17:15,0.43255,0.41553
17:20,0.4226,0.40261
17:25,0.42593,0.3783
17:30,0.47194,0.40672
17:35,0.44435,0.38462
17:40,0.41315,0.36094
17:45,0.42049,0.39344
17:50,0.38941,0.34752
17:55,0.36063,0.3465
18:00,0.44529,0.52981
18:05,0.40603,0.41964
18:10,0.3901,0.37998
18:15,0.40197,0.38404
18:20,0.37621,0.34616
18:25,0.36487,0.32866
18:30,0.3943,0.36959
18:35,0.36915,0.37321
18:40,0.35173,0.34744
18:45,0.39319,0.37137
18:50,0.37938,0.36065
18:55,0.34244,0.31932
19:00,0.47141,0.39326
19:05,0.38658,0.36313
19:10,0.37052,0.34243
19:15,0.39397,0.35953
19:20,0.35054,0.33382
19:25,0.34078,0.32187
19:30,0.39278,0.35549
19:35,0.35636,0.31531
19:40,0.35607,0.291
19:45,0.35421,0.31271
19:50,0.32815,0.34581
19:55,0.32329,0.36284
20:00,0.45079,0.45354
20:05,0.41468,0.36712
20:10,0.36778,0.2946
20:15,0.38997,0.30992
20:20,0.37548,0.28298
20:25,0.33273,0.26273
20:30,0.3672,0.29217
20:35,0.35339,0.25639
20:40,0.33042,0.23794
20:45,0.33638,0.26364
20:50,0.36166,0.26486
20:55,0.39267,0.25501
21:00,0.40037,0.28198
21:05,0.32994,0.25838
21:10,0.30085,0.25709
21:15,0.3197,0.27666
21:20,0.29963,0.25145
21:25,0.271,0.22753
21:30,0.30436,0.21586
21:35,0.2863,0.21976
21:40,0.26009,0.21681
21:45,0.30222,0.20452
21:50,0.26611,0.18943
21:55,0.26571,0.19568
22:00,0.29009,0.31008
22:05,0.27219,0.25544
22:10,0.2715,0.22742
22:15,0.25065,0.24557
22:20,0.25744,0.23065
22:25,0.23315,0.21494
22:30,0.26237,0.24653
22:35,0.23009,0.22202
22:40,0.22103,0.2215
22:45,0.22206,0.22039
22:50,0.21641,0.21327
22:55,0.22887,0.20312
23:00,0.32742,0.27176
23:05,0.27291,0.25084
23:10,0.25613,0.23091
23:15,0.26852,0.24814
23:20,0.25375,0.22905
23:25,0.23531,0.22085
23:30,0.25856,0.23859
23:35,0.24401,0.21604
23:40,0.21807,0.21826
23:45,0.24199,0.22925
23:50,0.22874,0.21148
23:55,0.22545,0.21236
