clock,rule,split,H,n_real_confirm,n_real_other,n_plac_confirm,n_plac_other,delta_real,delta_plac,I,I_lo975,I_hi975,mde_I,edge_ok_cells,n_AGREE,mean_AGREE_primary,AGREE_lo95,AGREE_fee_0.00,AGREE_fee_1.09,AGREE_fee_2.18
B15,1s,develop,RESPECT,1128,1429,1889,2448,-0.048379117300912516,0.034186037606715236,-0.08256515490762775,-1.5600976281373689,1.4252756495898184,1.9334530078471672,IBM|UTC|-1|360+,5,3.4980448478206148,0.06537782247269064,3.4980448478206143,2.4080448478206145,1.3180448478206142
B15,1s,develop,BREAK,287,2270,550,3787,0.15742133929749927,1.267055291100725,-1.1096339518032257,-4.678868632686347,2.187503168198498,4.211850373901997,IBM|UTC|-1|360+,5,3.4980448478206148,0.06537782247269064,3.4980448478206143,2.4080448478206145,1.3180448478206142
B15,1s,validate,RESPECT,422,345,707,651,-0.42210352170430143,0.0017136507691766223,-0.42381717247347805,-2.5273333853011564,1.8618605105352906,2.723100021702077,IBM|UTC|-1|360+,1,0.01541164504003148,0.01541164504003148,0.01541164504003148,-1.0745883549599686,-2.1645883549599687
B15,1s,validate,BREAK,60,707,133,1225,0.30613649884424543,0.19483990238895355,0.11129659645529189,-5.274227111164173,4.870787374684537,6.260342301865279,IBM|UTC|-1|360+,1,0.01541164504003148,0.01541164504003148,0.01541164504003148,-1.0745883549599686,-2.1645883549599687
B15,bar,develop,RESPECT,1381,1176,2513,1824,-0.08973207548467341,0.7423988389071945,-0.8321309143918679,-2.872441759105658,0.9724122986697145,2.3643135532798625,,0,,,,,
B15,bar,develop,BREAK,287,2270,550,3787,0.15742133929749927,1.267055291100725,-1.1096339518032257,-4.678868632686347,2.187503168198498,4.211850373901997,,0,,,,,
B15,bar,validate,RESPECT,465,302,813,545,-0.5654395612005367,0.06603315941115151,-0.6314727206116882,-2.537840096217122,1.278193727061753,2.3973222431259855,,0,,,,,
B15,bar,validate,BREAK,60,707,133,1225,0.30613649884424543,0.19483990238895355,0.11129659645529189,-5.274227111164173,4.870787374684537,6.260342301865279,,0,,,,,
M60,1s,develop,RESPECT,959,1598,1678,2659,-0.10944812421999733,0.32820795608941966,-0.437656080309417,-2.00075862134445,1.1798194068397991,1.988321869837091,IBL|UTC|1|360+;IBM|UTC|-1|360+,5,5.261270814752439,1.1415397090697272,5.2612708147524385,4.171270814752439,3.081270814752439
M60,1s,develop,BREAK,339,2218,612,3725,0.7081460712286143,0.11478993017198069,0.5933561410566336,-2.363669754061188,3.6229092600496346,3.723249864847399,IBL|UTC|1|360+;IBM|UTC|-1|360+,5,5.261270814752439,1.1415397090697272,5.2612708147524385,4.171270814752439,3.081270814752439
M60,1s,validate,RESPECT,344,423,614,744,0.5111181435212528,-0.08289898963596587,0.5940171331572187,-1.9951854356475862,2.868819823645319,3.0140245677291384,IBL|UTC|1|360+;IBM|UTC|-1|360+,3,10.4070273425804,-0.570237897239431,10.4070273425804,9.3170273425804,8.227027342580401
M60,1s,validate,BREAK,81,686,164,1194,-0.37674082942902976,-0.150846798058986,-0.22589403137004377,-5.459183341923806,4.1246695995166265,5.9131460113271235,IBL|UTC|1|360+;IBM|UTC|-1|360+,3,10.4070273425804,-0.570237897239431,10.4070273425804,9.3170273425804,8.227027342580401
M60,bar,develop,RESPECT,1243,1314,2373,1964,-0.03955469173572221,0.41174215935629255,-0.4512968510920148,-2.2343941110685432,1.4110757356871466,2.2539777223742474,IBH|UTC|-1|360+,36,2.7928739917176904,0.3113671519379676,2.7928739917176904,1.7028739917176905,0.6128739917176903
M60,bar,develop,BREAK,339,2218,612,3725,0.7081460712286143,0.11478993017198069,0.5933561410566336,-2.363669754061188,3.6229092600496346,3.723249864847399,IBH|UTC|-1|360+,36,2.7928739917176904,0.3113671519379676,2.7928739917176904,1.7028739917176905,0.6128739917176903
M60,bar,validate,RESPECT,402,365,746,612,0.01618198897046505,-0.26567584161841346,0.2818578305888785,-1.9054458723904704,2.2281256907692337,2.5376865862422533,IBH|UTC|-1|360+,16,1.3171247247021487,-2.774643266669879,1.3171247247021483,0.2271247247021484,-0.8628752752978524
M60,bar,validate,BREAK,81,686,164,1194,-0.37674082942902976,-0.150846798058986,-0.22589403137004377,-5.459183341923806,4.1246695995166265,5.9131460113271235,IBH|UTC|-1|360+,16,1.3171247247021487,-2.774643266669879,1.3171247247021483,0.2271247247021484,-0.8628752752978524
