what,h_sec,split,H,delta_real,delta_plac,I,I_lo975,I_hi975,n,mean_primary,lo95,hi95,mean_fee_0.00,mean_fee_1.09,mean_fee_2.18
H2,30,develop,RESPECT,0.018420118973018984,0.09341978670561515,-0.07499966773259617,-0.7617151890976509,0.6264239223232929,,,,,,,
H2,30,develop,BREAK,-0.40229858403275554,0.3904790784742773,-0.7927776625070329,-2.5610561103368505,0.9083804375526378,,,,,,,
H2,30,validate,RESPECT,-0.5418247150353244,-0.2414461878840765,-0.30037852715124785,-1.299426322929252,0.6900701662165061,,,,,,,
H2,30,validate,BREAK,-0.6549019078520659,-0.3821939557425327,-0.27270795210953325,-2.74055192391113,1.9283589409464654,,,,,,,
AGREE (primary gate),30,develop,,,,,,,5.0,2.717600826209508,-0.9154783311691268,6.0660060077162505,2.717600826209508,1.6276008262095083,0.5376008262095076
AGREE (primary gate),30,validate,,,,,,,1.0,1.0326327366078547,1.0326327366078547,1.0326327366078547,1.0326327366078547,-0.05736726339214537,-1.1473672633921455
H2,60,develop,RESPECT,0.4252125150173648,0.04184886249494188,0.3833636525224229,-0.6409831097224404,1.3223251728239214,,,,,,,
H2,60,develop,BREAK,-0.06097294545076526,0.46749811445509365,-0.5284710599058589,-2.9886864495303187,1.693623645690981,,,,,,,
H2,60,validate,RESPECT,-0.6535894646391497,-0.17258315039253577,-0.4810063142466139,-1.6769529804609413,0.6256676048594848,,,,,,,
H2,60,validate,BREAK,-1.264309346676067,0.4425277712702257,-1.706837117946293,-5.165966433748735,1.3087845678713672,,,,,,,
AGREE (primary gate),60,develop,,,,,,,5.0,4.666992657806631,2.135340959496601,7.2817217975218815,4.666992657806631,3.576992657806632,2.486992657806631
AGREE (primary gate),60,validate,,,,,,,1.0,5.410946893545815,5.410946893545815,5.410946893545815,5.410946893545815,4.320946893545815,3.230946893545815
H2,180,develop,RESPECT,-0.048379117300912516,0.034186037606715236,-0.08256515490762775,-1.5600976281373689,1.4252756495898184,,,,,,,
H2,180,develop,BREAK,0.15742133929749927,1.267055291100725,-1.1096339518032257,-4.678868632686347,2.187503168198498,,,,,,,
H2,180,validate,RESPECT,-0.42210352170430143,0.0017136507691766223,-0.42381717247347805,-2.5273333853011564,1.8618605105352906,,,,,,,
H2,180,validate,BREAK,0.30613649884424543,0.19483990238895355,0.11129659645529189,-5.274227111164173,4.870787374684537,,,,,,,
AGREE (primary gate),180,develop,,,,,,,5.0,3.4980448478206148,0.06537782247269064,6.885157249000306,3.4980448478206143,2.4080448478206145,1.3180448478206142
AGREE (primary gate),180,validate,,,,,,,1.0,0.01541164504003148,0.01541164504003148,0.01541164504003148,0.01541164504003148,-1.0745883549599686,-2.1645883549599687
H2,300,develop,RESPECT,-0.5887363472398931,-0.23158086435467085,-0.35715548288522225,-2.2206239638975767,1.4378078498071825,,,,,,,
H2,300,develop,BREAK,-0.3086206342068537,0.8761641372333935,-1.1847847714402473,-5.038097011994787,2.7271916226358615,,,,,,,
H2,300,validate,RESPECT,-0.7362170974404785,-0.10521211882233489,-0.6310049786181435,-3.2747435822697435,2.205893877821199,,,,,,,
H2,300,validate,BREAK,0.5733914982258943,1.3371049855451522,-0.7637134873192579,-8.70051012085819,6.181810525927649,,,,,,,
AGREE (primary gate),300,develop,,,,,,,5.0,4.424400801346264,-0.4685012774834352,9.008390499953476,4.424400801346264,3.334400801346265,2.244400801346264
AGREE (primary gate),300,validate,,,,,,,1.0,8.80391684664635,8.80391684664635,8.80391684664635,8.80391684664635,7.713916846646351,6.623916846646351
H2,900,develop,RESPECT,-2.4865191853463284,-0.1733875722501259,-2.3131316130962025,-5.523267622614842,0.7226464000024952,,,,,,,
H2,900,develop,BREAK,-1.2836626933168314,1.6264188683912157,-2.910081561708047,-9.058591907503844,3.145561150336309,,,,,,,
H2,900,validate,RESPECT,-0.6490998921480685,0.1631940005130985,-0.812293892661167,-5.478520513950899,3.5948208728899083,,,,,,,
H2,900,validate,BREAK,0.630152229251296,3.0814694939280916,-2.4513172646767956,-12.401703956192256,6.80562321663893,,,,,,,
AGREE (primary gate),900,develop,,,,,,,5.0,-10.141023167355932,-21.799248294496568,3.9089980371945665,-10.141023167355934,-11.231023167355932,-12.321023167355932
AGREE (primary gate),900,validate,,,,,,,1.0,18.03244785815019,18.03244785815019,18.03244785815019,18.03244785815019,16.94244785815019,15.852447858150189
