dataset,date,url,status,sha256,expected,bytes,use
perp_trades,2025-12-12,https://data.binance.vision/data/futures/um/daily/trades/BTCUSDT/BTCUSDT-trades-2025-12-12.zip,OK,d7ea0702bb259809ae53cf2a9ec8f3e6b070e65f3dfb48014177189724753cde,d7ea0702bb259809ae53cf2a9ec8f3e6b070e65f3dfb48014177189724753cde,29734315,"1 s bars, sweeps, labels"
perp_trades,2025-12-13,https://data.binance.vision/data/futures/um/daily/trades/BTCUSDT/BTCUSDT-trades-2025-12-13.zip,OK,9cc60ab9d60e4baf2f6967e39165d88ab099a3758b79da272bc443d970dcc40a,9cc60ab9d60e4baf2f6967e39165d88ab099a3758b79da272bc443d970dcc40a,7395338,"1 s bars, sweeps, labels"
perp_trades,2025-12-14,https://data.binance.vision/data/futures/um/daily/trades/BTCUSDT/BTCUSDT-trades-2025-12-14.zip,OK,66551c6448ae7a6e96a1d1fa2380fcd5ef78249fd653cfeb935db01577a58405,66551c6448ae7a6e96a1d1fa2380fcd5ef78249fd653cfeb935db01577a58405,18548223,"1 s bars, sweeps, labels"
perp_trades,2025-12-15,https://data.binance.vision/data/futures/um/daily/trades/BTCUSDT/BTCUSDT-trades-2025-12-15.zip,OK,b71f59a4c14e282471ec08dbc31da2b9ad12fd592a37a3c8883276f1c70e82b5,b71f59a4c14e282471ec08dbc31da2b9ad12fd592a37a3c8883276f1c70e82b5,39027878,"1 s bars, sweeps, labels"
perp_trades,2025-12-16,https://data.binance.vision/data/futures/um/daily/trades/BTCUSDT/BTCUSDT-trades-2025-12-16.zip,OK,39d47973223cf483c52b9e7de230114682dcb14a96c800eccdb666d78c9bc3ac,39d47973223cf483c52b9e7de230114682dcb14a96c800eccdb666d78c9bc3ac,33372006,"1 s bars, sweeps, labels"
perp_trades,2025-12-17,https://data.binance.vision/data/futures/um/daily/trades/BTCUSDT/BTCUSDT-trades-2025-12-17.zip,OK,6a6db071910c5da40bfa751ffee9cc7e54316599b1b5390be6c335bf7da94709,6a6db071910c5da40bfa751ffee9cc7e54316599b1b5390be6c335bf7da94709,45333398,"1 s bars, sweeps, labels"
perp_trades,2025-12-18,https://data.binance.vision/data/futures/um/daily/trades/BTCUSDT/BTCUSDT-trades-2025-12-18.zip,OK,d3f091de1febd9b40c3188fcbe224d75561147e82469ddc19ae12a330c950345,d3f091de1febd9b40c3188fcbe224d75561147e82469ddc19ae12a330c950345,47713596,"1 s bars, sweeps, labels"
perp_trades,2025-12-19,https://data.binance.vision/data/futures/um/daily/trades/BTCUSDT/BTCUSDT-trades-2025-12-19.zip,OK,582394826c25cb1c74a5fea438a367a16b33f619277984fc85e91b551fb06d52,582394826c25cb1c74a5fea438a367a16b33f619277984fc85e91b551fb06d52,39355071,"1 s bars, sweeps, labels"
perp_trades,2025-12-20,https://data.binance.vision/data/futures/um/daily/trades/BTCUSDT/BTCUSDT-trades-2025-12-20.zip,OK,eb116c6f8fc9a8a4b487882015c5774be34b69366ef61d2e13e91cf86d0bc45b,eb116c6f8fc9a8a4b487882015c5774be34b69366ef61d2e13e91cf86d0bc45b,7376464,"1 s bars, sweeps, labels"
perp_trades,2025-12-21,https://data.binance.vision/data/futures/um/daily/trades/BTCUSDT/BTCUSDT-trades-2025-12-21.zip,OK,89aead23cf6f28cff5e472f096f65e4f7a61d745186a33ab977fc5243b69fff3,89aead23cf6f28cff5e472f096f65e4f7a61d745186a33ab977fc5243b69fff3,14780473,"1 s bars, sweeps, labels"
perp_trades,2025-12-22,https://data.binance.vision/data/futures/um/daily/trades/BTCUSDT/BTCUSDT-trades-2025-12-22.zip,OK,2d5050b524862cccea377642849afca1b34b0b7eedb9e1a744cc003cf6dc55fa,2d5050b524862cccea377642849afca1b34b0b7eedb9e1a744cc003cf6dc55fa,32648168,"1 s bars, sweeps, labels"
perp_trades,2025-12-23,https://data.binance.vision/data/futures/um/daily/trades/BTCUSDT/BTCUSDT-trades-2025-12-23.zip,OK,76f8b693f9ef344ee1b7001fa1518194e65038949d605d7605ad32be7c7eb137,76f8b693f9ef344ee1b7001fa1518194e65038949d605d7605ad32be7c7eb137,27183538,"1 s bars, sweeps, labels"
perp_trades,2025-12-24,https://data.binance.vision/data/futures/um/daily/trades/BTCUSDT/BTCUSDT-trades-2025-12-24.zip,OK,78f2086010845616aadb8a2d6ce5985394aed05126d15c612247a0fb99afe788,78f2086010845616aadb8a2d6ce5985394aed05126d15c612247a0fb99afe788,17705396,"1 s bars, sweeps, labels"
perp_trades,2025-12-25,https://data.binance.vision/data/futures/um/daily/trades/BTCUSDT/BTCUSDT-trades-2025-12-25.zip,OK,3b23ad0a1bf54c2e86f24a0eeae986ed0213d67aee71cfc413e03291a73ca9fa,3b23ad0a1bf54c2e86f24a0eeae986ed0213d67aee71cfc413e03291a73ca9fa,12301357,"1 s bars, sweeps, labels"
perp_trades,2025-12-26,https://data.binance.vision/data/futures/um/daily/trades/BTCUSDT/BTCUSDT-trades-2025-12-26.zip,OK,ecb8da77c8bde751995a3abbae9fd52f3453bef5a23d28fcce545de3c7b8e9b0,ecb8da77c8bde751995a3abbae9fd52f3453bef5a23d28fcce545de3c7b8e9b0,28355812,"1 s bars, sweeps, labels"
perp_trades,2025-12-27,https://data.binance.vision/data/futures/um/daily/trades/BTCUSDT/BTCUSDT-trades-2025-12-27.zip,OK,b3b09e1df23917decdf7c59ef428d573e0a640a292d6517d71d71bf2e9f3f674,b3b09e1df23917decdf7c59ef428d573e0a640a292d6517d71d71bf2e9f3f674,5647019,"1 s bars, sweeps, labels"
perp_trades,2025-12-28,https://data.binance.vision/data/futures/um/daily/trades/BTCUSDT/BTCUSDT-trades-2025-12-28.zip,OK,fd7548614e1a0568f2abb523b471cdafe6a549c9ad7dd8cab6ba93ac16c7514c,fd7548614e1a0568f2abb523b471cdafe6a549c9ad7dd8cab6ba93ac16c7514c,7042390,"1 s bars, sweeps, labels"
perp_trades,2025-12-29,https://data.binance.vision/data/futures/um/daily/trades/BTCUSDT/BTCUSDT-trades-2025-12-29.zip,OK,c3eec04e86cfc0de8f37c6dd968961f51805e0aa5bd8d07b0c076861022db4da,c3eec04e86cfc0de8f37c6dd968961f51805e0aa5bd8d07b0c076861022db4da,31030353,"1 s bars, sweeps, labels"
perp_trades,2025-12-30,https://data.binance.vision/data/futures/um/daily/trades/BTCUSDT/BTCUSDT-trades-2025-12-30.zip,OK,70a9c3aaf73bf7799fadc07262e5a4efd7f3e2c6750f84a5224b135717760388,70a9c3aaf73bf7799fadc07262e5a4efd7f3e2c6750f84a5224b135717760388,21855773,"1 s bars, sweeps, labels"
perp_trades,2025-12-31,https://data.binance.vision/data/futures/um/daily/trades/BTCUSDT/BTCUSDT-trades-2025-12-31.zip,OK,4b96ee5b789f211f7d0887d0c340bd74bc51cfe862f25c39c79bd9d6ca741381,4b96ee5b789f211f7d0887d0c340bd74bc51cfe862f25c39c79bd9d6ca741381,16545845,"1 s bars, sweeps, labels"
perp_trades,2026-01-01,https://data.binance.vision/data/futures/um/daily/trades/BTCUSDT/BTCUSDT-trades-2026-01-01.zip,OK,b5caa5e5e5ab9473dc91b6795a8da3f8eacf4881ddb453a42a142094d0b84966,b5caa5e5e5ab9473dc91b6795a8da3f8eacf4881ddb453a42a142094d0b84966,8376915,"1 s bars, sweeps, labels"
perp_trades,2026-01-02,https://data.binance.vision/data/futures/um/daily/trades/BTCUSDT/BTCUSDT-trades-2026-01-02.zip,OK,48da827ed081a7b95703b401d9a65cea08f7de0c45f096d25a2479acbeb07adb,48da827ed081a7b95703b401d9a65cea08f7de0c45f096d25a2479acbeb07adb,29654117,"1 s bars, sweeps, labels"
perp_trades,2026-01-03,https://data.binance.vision/data/futures/um/daily/trades/BTCUSDT/BTCUSDT-trades-2026-01-03.zip,OK,9b96f25345fdbdf7dd41bf458f64600565cdcb801dc8e5c7497bae4422e98856,9b96f25345fdbdf7dd41bf458f64600565cdcb801dc8e5c7497bae4422e98856,10198951,"1 s bars, sweeps, labels"
perp_trades,2026-01-04,https://data.binance.vision/data/futures/um/daily/trades/BTCUSDT/BTCUSDT-trades-2026-01-04.zip,OK,ae579a123a79119cdf428440cbd6eac0df16d48227018d0cfa2c796d6b5300d5,ae579a123a79119cdf428440cbd6eac0df16d48227018d0cfa2c796d6b5300d5,13988923,"1 s bars, sweeps, labels"
perp_trades,2026-01-05,https://data.binance.vision/data/futures/um/daily/trades/BTCUSDT/BTCUSDT-trades-2026-01-05.zip,OK,16944a2fbb49b96fc730346c5ec6f6fa1ac2225f83af78dbabc8665b8883c2c3,16944a2fbb49b96fc730346c5ec6f6fa1ac2225f83af78dbabc8665b8883c2c3,32098141,"1 s bars, sweeps, labels"
perp_trades,2026-01-06,https://data.binance.vision/data/futures/um/daily/trades/BTCUSDT/BTCUSDT-trades-2026-01-06.zip,OK,930f14a801b58e480dd32505f755dc2f371fc1d68e8f9e1849ffb81153df028b,930f14a801b58e480dd32505f755dc2f371fc1d68e8f9e1849ffb81153df028b,28760002,"1 s bars, sweeps, labels"
perp_trades,2026-01-07,https://data.binance.vision/data/futures/um/daily/trades/BTCUSDT/BTCUSDT-trades-2026-01-07.zip,OK,f406f7a4a54f707fcfaef7b677ff891f2974d19a0e309a729654c12811ac7836,f406f7a4a54f707fcfaef7b677ff891f2974d19a0e309a729654c12811ac7836,24702868,"1 s bars, sweeps, labels"
perp_trades,2026-01-08,https://data.binance.vision/data/futures/um/daily/trades/BTCUSDT/BTCUSDT-trades-2026-01-08.zip,OK,1d4366354266a0abec542c78de8639d9457bd100f97b7be10d773e7b55cbd89e,1d4366354266a0abec542c78de8639d9457bd100f97b7be10d773e7b55cbd89e,28914734,"1 s bars, sweeps, labels"
perp_trades,2026-01-09,https://data.binance.vision/data/futures/um/daily/trades/BTCUSDT/BTCUSDT-trades-2026-01-09.zip,OK,de03c86fb3328e8ea164c277182a267559e94fb68022ec187b2f116d40bbf442,de03c86fb3328e8ea164c277182a267559e94fb68022ec187b2f116d40bbf442,26075431,"1 s bars, sweeps, labels"
perp_trades,2026-01-10,https://data.binance.vision/data/futures/um/daily/trades/BTCUSDT/BTCUSDT-trades-2026-01-10.zip,OK,9fd9e0e33022ca9b5959f34cfaea42490d001033dbf6d95a000db92419d2f750,9fd9e0e33022ca9b5959f34cfaea42490d001033dbf6d95a000db92419d2f750,4783227,"1 s bars, sweeps, labels"
perp_trades,2026-01-11,https://data.binance.vision/data/futures/um/daily/trades/BTCUSDT/BTCUSDT-trades-2026-01-11.zip,OK,0e28a23440a2b99e28846cddb3250c7814034bad3c87893dbce3635a2bda9391,0e28a23440a2b99e28846cddb3250c7814034bad3c87893dbce3635a2bda9391,8169204,"1 s bars, sweeps, labels"
perp_trades,2026-01-12,https://data.binance.vision/data/futures/um/daily/trades/BTCUSDT/BTCUSDT-trades-2026-01-12.zip,OK,6fe56e92f3e3ae0a4fa0c4ad7caca70f37ca1f6ba5eb5636875ec98c993b22f9,6fe56e92f3e3ae0a4fa0c4ad7caca70f37ca1f6ba5eb5636875ec98c993b22f9,29523382,"1 s bars, sweeps, labels"
perp_trades,2026-01-13,https://data.binance.vision/data/futures/um/daily/trades/BTCUSDT/BTCUSDT-trades-2026-01-13.zip,OK,eb9a1f3e76334a9c43e61b547fe64ec6a495045c287328281132befad94284a3,eb9a1f3e76334a9c43e61b547fe64ec6a495045c287328281132befad94284a3,33952113,"1 s bars, sweeps, labels"
perp_trades,2026-01-14,https://data.binance.vision/data/futures/um/daily/trades/BTCUSDT/BTCUSDT-trades-2026-01-14.zip,OK,99564fc93499b7fdb21e112da9d7b6a2e128ef172d4afb917672859d6e68d115,99564fc93499b7fdb21e112da9d7b6a2e128ef172d4afb917672859d6e68d115,33805166,"1 s bars, sweeps, labels"
perp_trades,2026-01-15,https://data.binance.vision/data/futures/um/daily/trades/BTCUSDT/BTCUSDT-trades-2026-01-15.zip,OK,adde2d85e33a1e79cf47140e6369d8e2c440c580376bf20946f67a286ef99bff,adde2d85e33a1e79cf47140e6369d8e2c440c580376bf20946f67a286ef99bff,29372233,"1 s bars, sweeps, labels"
perp_trades,2026-01-16,https://data.binance.vision/data/futures/um/daily/trades/BTCUSDT/BTCUSDT-trades-2026-01-16.zip,OK,c6885c61642334d4e8dac2973e7b1e34462d18230f76beed135a9cf917f76d7d,c6885c61642334d4e8dac2973e7b1e34462d18230f76beed135a9cf917f76d7d,18552748,"1 s bars, sweeps, labels"
perp_trades,2026-01-17,https://data.binance.vision/data/futures/um/daily/trades/BTCUSDT/BTCUSDT-trades-2026-01-17.zip,OK,02bf0bf1e9c470a2fd68af997794fcca38d900bb2baa370111ee864225e7370d,02bf0bf1e9c470a2fd68af997794fcca38d900bb2baa370111ee864225e7370d,6449126,"1 s bars, sweeps, labels"
perp_trades,2026-01-18,https://data.binance.vision/data/futures/um/daily/trades/BTCUSDT/BTCUSDT-trades-2026-01-18.zip,OK,1b753bf277ab5c0b0fc78ef5ee804f924eb624290684907036ffb3b4ac1b2da0,1b753bf277ab5c0b0fc78ef5ee804f924eb624290684907036ffb3b4ac1b2da0,10285336,"1 s bars, sweeps, labels"
perp_trades,2026-01-19,https://data.binance.vision/data/futures/um/daily/trades/BTCUSDT/BTCUSDT-trades-2026-01-19.zip,OK,c0e8ff2fbf6419c4305d4f244b5b1928facbece73891468c44fb34160c42ce9a,c0e8ff2fbf6419c4305d4f244b5b1928facbece73891468c44fb34160c42ce9a,21882030,"1 s bars, sweeps, labels"
perp_trades,2026-01-20,https://data.binance.vision/data/futures/um/daily/trades/BTCUSDT/BTCUSDT-trades-2026-01-20.zip,OK,eeed024c3f5fddc420a42bf1f558c8c98de7a0f5c5571f38a788472a21bd58f7,eeed024c3f5fddc420a42bf1f558c8c98de7a0f5c5571f38a788472a21bd58f7,35504148,"1 s bars, sweeps, labels"
perp_trades,2026-01-21,https://data.binance.vision/data/futures/um/daily/trades/BTCUSDT/BTCUSDT-trades-2026-01-21.zip,OK,6cfbeaf7dd1e5fa8180d28a0a29b5821e1828758ce2d774dc67f6b085d903440,6cfbeaf7dd1e5fa8180d28a0a29b5821e1828758ce2d774dc67f6b085d903440,41560343,"1 s bars, sweeps, labels"
perp_trades,2026-01-22,https://data.binance.vision/data/futures/um/daily/trades/BTCUSDT/BTCUSDT-trades-2026-01-22.zip,OK,e5f8cfae975ec50d19079f04c479e692563ac712d8dbd9479b39f809e2d8a059,e5f8cfae975ec50d19079f04c479e692563ac712d8dbd9479b39f809e2d8a059,23917981,"1 s bars, sweeps, labels"
perp_trades,2026-01-23,https://data.binance.vision/data/futures/um/daily/trades/BTCUSDT/BTCUSDT-trades-2026-01-23.zip,OK,13f0836de3e83babbbab116b84bdd99565f887f5dab5eba90fb62b136cf31ec1,13f0836de3e83babbbab116b84bdd99565f887f5dab5eba90fb62b136cf31ec1,25115639,"1 s bars, sweeps, labels"
perp_trades,2026-01-24,https://data.binance.vision/data/futures/um/daily/trades/BTCUSDT/BTCUSDT-trades-2026-01-24.zip,OK,32de05b9c5bff2e9bcc597576c958b9f25335b1bddea572fb843c8e98f4272a0,32de05b9c5bff2e9bcc597576c958b9f25335b1bddea572fb843c8e98f4272a0,5461235,"1 s bars, sweeps, labels"
perp_trades,2026-01-25,https://data.binance.vision/data/futures/um/daily/trades/BTCUSDT/BTCUSDT-trades-2026-01-25.zip,OK,1a4474b18308b70e3997864a05a24f8fa4b721b970dae9b05bec97ea65d04a18,1a4474b18308b70e3997864a05a24f8fa4b721b970dae9b05bec97ea65d04a18,22418118,"1 s bars, sweeps, labels"
perp_trades,2026-01-26,https://data.binance.vision/data/futures/um/daily/trades/BTCUSDT/BTCUSDT-trades-2026-01-26.zip,OK,18c12dc6dffe5a36a18b96e217a3662fbaed5f1bf558df6b0c54927d6beae063,18c12dc6dffe5a36a18b96e217a3662fbaed5f1bf558df6b0c54927d6beae063,27777114,"1 s bars, sweeps, labels"
perp_trades,2026-01-27,https://data.binance.vision/data/futures/um/daily/trades/BTCUSDT/BTCUSDT-trades-2026-01-27.zip,OK,2d4db5facee595bf38199eac74a256c331021530a36f03a02c0af9455ad44ac7,2d4db5facee595bf38199eac74a256c331021530a36f03a02c0af9455ad44ac7,23965967,"1 s bars, sweeps, labels"
perp_trades,2026-01-28,https://data.binance.vision/data/futures/um/daily/trades/BTCUSDT/BTCUSDT-trades-2026-01-28.zip,OK,a922c4589dbb5bd4f5ee6a38e89d1982688b46b795a271365bcf36c671bc21d6,a922c4589dbb5bd4f5ee6a38e89d1982688b46b795a271365bcf36c671bc21d6,26506874,"1 s bars, sweeps, labels"
perp_trades,2026-01-29,https://data.binance.vision/data/futures/um/daily/trades/BTCUSDT/BTCUSDT-trades-2026-01-29.zip,OK,81e619eee8ce66dbd6d5c6f790904b5eacc567e5222aac87a60d0f3369e95069,81e619eee8ce66dbd6d5c6f790904b5eacc567e5222aac87a60d0f3369e95069,40524646,"1 s bars, sweeps, labels"
perp_trades,2026-01-30,https://data.binance.vision/data/futures/um/daily/trades/BTCUSDT/BTCUSDT-trades-2026-01-30.zip,OK,7b9c59002e07484085adbebaff94d25d94021cf128743cbe7418ec43d115c321,7b9c59002e07484085adbebaff94d25d94021cf128743cbe7418ec43d115c321,55190941,"1 s bars, sweeps, labels"
perp_trades,2026-01-31,https://data.binance.vision/data/futures/um/daily/trades/BTCUSDT/BTCUSDT-trades-2026-01-31.zip,OK,1e6556618a2f43ea2adf84b7b2659c6d7af3cf5aa4ca2528407cd4ba46c4a6fa,1e6556618a2f43ea2adf84b7b2659c6d7af3cf5aa4ca2528407cd4ba46c4a6fa,58571310,"1 s bars, sweeps, labels"
perp_trades,2026-02-01,https://data.binance.vision/data/futures/um/daily/trades/BTCUSDT/BTCUSDT-trades-2026-02-01.zip,OK,e115077cb7cf100b4127f6b27de1cbab54581564d0fed187cd7068aa64558310,e115077cb7cf100b4127f6b27de1cbab54581564d0fed187cd7068aa64558310,51844970,"1 s bars, sweeps, labels"
perp_trades,2026-02-02,https://data.binance.vision/data/futures/um/daily/trades/BTCUSDT/BTCUSDT-trades-2026-02-02.zip,OK,da17fb3b6124fb9b0d1862bb7dcee69b98374458a6ae7474e959c6660b73bf63,da17fb3b6124fb9b0d1862bb7dcee69b98374458a6ae7474e959c6660b73bf63,78389717,"1 s bars, sweeps, labels"
perp_trades,2026-02-03,https://data.binance.vision/data/futures/um/daily/trades/BTCUSDT/BTCUSDT-trades-2026-02-03.zip,OK,302497ab4b622a94e56f21011982f02367d96b1302f79fde55b6e0a12c2c98e7,302497ab4b622a94e56f21011982f02367d96b1302f79fde55b6e0a12c2c98e7,68203385,"1 s bars, sweeps, labels"
perp_trades,2026-02-04,https://data.binance.vision/data/futures/um/daily/trades/BTCUSDT/BTCUSDT-trades-2026-02-04.zip,OK,20f7b4b25acc13ef054361d8e89cfad2415f2b279a6a5bcda9901d9bce12ef70,20f7b4b25acc13ef054361d8e89cfad2415f2b279a6a5bcda9901d9bce12ef70,70850280,"1 s bars, sweeps, labels"
perp_trades,2026-02-05,https://data.binance.vision/data/futures/um/daily/trades/BTCUSDT/BTCUSDT-trades-2026-02-05.zip,OK,6b975b5429a24456c243038ea0a76a572293caa7daa39865a6d65af6d14025b4,6b975b5429a24456c243038ea0a76a572293caa7daa39865a6d65af6d14025b4,155350401,"1 s bars, sweeps, labels"
perp_trades,2026-02-06,https://data.binance.vision/data/futures/um/daily/trades/BTCUSDT/BTCUSDT-trades-2026-02-06.zip,OK,43855d1b9b70efc2475c24e1a76ee7f82ed20c37030045f53075aea79d335430,43855d1b9b70efc2475c24e1a76ee7f82ed20c37030045f53075aea79d335430,128401228,"1 s bars, sweeps, labels"
perp_trades,2026-02-07,https://data.binance.vision/data/futures/um/daily/trades/BTCUSDT/BTCUSDT-trades-2026-02-07.zip,OK,05a320497e7a55b3101e1768929a20cb2ea23b4f14a51cb29a1de322c98ab119,05a320497e7a55b3101e1768929a20cb2ea23b4f14a51cb29a1de322c98ab119,68596486,"1 s bars, sweeps, labels"
perp_trades,2026-02-08,https://data.binance.vision/data/futures/um/daily/trades/BTCUSDT/BTCUSDT-trades-2026-02-08.zip,OK,78eafd7c32c167320e482079962eb801480060327f6daa3d2be8f2f84a38b63b,78eafd7c32c167320e482079962eb801480060327f6daa3d2be8f2f84a38b63b,44010226,"1 s bars, sweeps, labels"
perp_trades,2026-02-09,https://data.binance.vision/data/futures/um/daily/trades/BTCUSDT/BTCUSDT-trades-2026-02-09.zip,OK,ba3901d8fb1447de698c3cef577f8d43b22ab0236554fdb6f73cdfad6c5d14c1,ba3901d8fb1447de698c3cef577f8d43b22ab0236554fdb6f73cdfad6c5d14c1,61519191,"1 s bars, sweeps, labels"
perp_trades,2026-02-10,https://data.binance.vision/data/futures/um/daily/trades/BTCUSDT/BTCUSDT-trades-2026-02-10.zip,OK,2ca6c22c0e868c69286abcad9c1034cdb949cb61aee7afc0f3d67f03752b00b7,2ca6c22c0e868c69286abcad9c1034cdb949cb61aee7afc0f3d67f03752b00b7,48352889,"1 s bars, sweeps, labels"
perp_trades,2026-02-11,https://data.binance.vision/data/futures/um/daily/trades/BTCUSDT/BTCUSDT-trades-2026-02-11.zip,OK,b039690fc674ea3eec14b387fbcba607f32f3831e40c4441fe132882f1eecdea,b039690fc674ea3eec14b387fbcba607f32f3831e40c4441fe132882f1eecdea,64283967,"1 s bars, sweeps, labels"
perp_trades,2026-02-12,https://data.binance.vision/data/futures/um/daily/trades/BTCUSDT/BTCUSDT-trades-2026-02-12.zip,OK,26e7c804864bed33bf470f01c4fb46d2caed1bfb064e2535831dade12168b786,26e7c804864bed33bf470f01c4fb46d2caed1bfb064e2535831dade12168b786,49385156,"1 s bars, sweeps, labels"
perp_trades,2026-02-13,https://data.binance.vision/data/futures/um/daily/trades/BTCUSDT/BTCUSDT-trades-2026-02-13.zip,OK,99ade323355ebc94c86c4217c81a2607d63b6c3344155b52feccb1a3782cb4bb,99ade323355ebc94c86c4217c81a2607d63b6c3344155b52feccb1a3782cb4bb,42078697,"1 s bars, sweeps, labels"
perp_trades,2026-02-14,https://data.binance.vision/data/futures/um/daily/trades/BTCUSDT/BTCUSDT-trades-2026-02-14.zip,OK,a52ac075f2397eec33928b31a30120a06770855a4a57ae7cae24ded0ca8b5206,a52ac075f2397eec33928b31a30120a06770855a4a57ae7cae24ded0ca8b5206,23823321,"1 s bars, sweeps, labels"
perp_trades,2026-02-15,https://data.binance.vision/data/futures/um/daily/trades/BTCUSDT/BTCUSDT-trades-2026-02-15.zip,OK,071208911660748c2e5d415dc4ce5a098430278fccef1c5e9ced24a7e94c8003,071208911660748c2e5d415dc4ce5a098430278fccef1c5e9ced24a7e94c8003,31604310,"1 s bars, sweeps, labels"
perp_trades,2026-02-16,https://data.binance.vision/data/futures/um/daily/trades/BTCUSDT/BTCUSDT-trades-2026-02-16.zip,OK,f0c19392d92c825bf769a092f3c664580d8f9d25cb1bab2b34d929231301fdb1,f0c19392d92c825bf769a092f3c664580d8f9d25cb1bab2b34d929231301fdb1,32396040,"1 s bars, sweeps, labels"
perp_trades,2026-02-17,https://data.binance.vision/data/futures/um/daily/trades/BTCUSDT/BTCUSDT-trades-2026-02-17.zip,OK,d28f42e4c81dff0f6c4c42bb5c3a7ae9cb5b49052cc8fa297f985dd30600f3b2,d28f42e4c81dff0f6c4c42bb5c3a7ae9cb5b49052cc8fa297f985dd30600f3b2,35909725,"1 s bars, sweeps, labels"
perp_trades,2026-02-18,https://data.binance.vision/data/futures/um/daily/trades/BTCUSDT/BTCUSDT-trades-2026-02-18.zip,OK,f563a46169257206d18665ed86bf0c631d8b4399e2c10daec5c7846270ba06b3,f563a46169257206d18665ed86bf0c631d8b4399e2c10daec5c7846270ba06b3,33666133,"1 s bars, sweeps, labels"
perp_trades,2026-02-19,https://data.binance.vision/data/futures/um/daily/trades/BTCUSDT/BTCUSDT-trades-2026-02-19.zip,OK,5957cf359fb2322f5dd2c25375fafe2f509052340f988c5865ead2429bdd4ad7,5957cf359fb2322f5dd2c25375fafe2f509052340f988c5865ead2429bdd4ad7,31845322,"1 s bars, sweeps, labels"
perp_trades,2026-02-20,https://data.binance.vision/data/futures/um/daily/trades/BTCUSDT/BTCUSDT-trades-2026-02-20.zip,OK,99278c36d779477c231640278b9c871ae8cbb0cdaee7b245ccc9735e3656d339,99278c36d779477c231640278b9c871ae8cbb0cdaee7b245ccc9735e3656d339,39645113,"1 s bars, sweeps, labels"
perp_trades,2026-02-21,https://data.binance.vision/data/futures/um/daily/trades/BTCUSDT/BTCUSDT-trades-2026-02-21.zip,OK,ed07a5f4c1ce525ac6a292a57d7d82351b3d23b85af06afe65d2770e6eca9e15,ed07a5f4c1ce525ac6a292a57d7d82351b3d23b85af06afe65d2770e6eca9e15,14395994,"1 s bars, sweeps, labels"
perp_trades,2026-02-22,https://data.binance.vision/data/futures/um/daily/trades/BTCUSDT/BTCUSDT-trades-2026-02-22.zip,OK,1ec57c15090bfa259c70229a3dde931bd670cdae9a4bd5c46b5a472221d171ae,1ec57c15090bfa259c70229a3dde931bd670cdae9a4bd5c46b5a472221d171ae,14310373,"1 s bars, sweeps, labels"
perp_trades,2026-02-23,https://data.binance.vision/data/futures/um/daily/trades/BTCUSDT/BTCUSDT-trades-2026-02-23.zip,OK,ffec241c40f790c993af80508eae25cdd754fc3317f7a84499e0605730b5e7e8,ffec241c40f790c993af80508eae25cdd754fc3317f7a84499e0605730b5e7e8,50379057,"1 s bars, sweeps, labels"
perp_trades,2026-02-24,https://data.binance.vision/data/futures/um/daily/trades/BTCUSDT/BTCUSDT-trades-2026-02-24.zip,OK,314725400c7d8f7e2697286304c8647c96f872e9870ad57a545743fcec0a6dbe,314725400c7d8f7e2697286304c8647c96f872e9870ad57a545743fcec0a6dbe,44219305,"1 s bars, sweeps, labels"
perp_trades,2026-02-25,https://data.binance.vision/data/futures/um/daily/trades/BTCUSDT/BTCUSDT-trades-2026-02-25.zip,OK,7072539d894c466a5848587c809115fb68ed6e78904babd17b19c602a72261c8,7072539d894c466a5848587c809115fb68ed6e78904babd17b19c602a72261c8,54720593,"1 s bars, sweeps, labels"
perp_trades,2026-02-26,https://data.binance.vision/data/futures/um/daily/trades/BTCUSDT/BTCUSDT-trades-2026-02-26.zip,OK,c10bd0daf8e2cbfc5851bb5f102f5d46c9d435fcd9060490c95738f9565c9ede,c10bd0daf8e2cbfc5851bb5f102f5d46c9d435fcd9060490c95738f9565c9ede,41148302,"1 s bars, sweeps, labels"
perp_trades,2026-02-27,https://data.binance.vision/data/futures/um/daily/trades/BTCUSDT/BTCUSDT-trades-2026-02-27.zip,OK,efb692d59ff56c2ef8c1ba1f14b94e7d88873f6305a13fe93588c0d48ec9be30,efb692d59ff56c2ef8c1ba1f14b94e7d88873f6305a13fe93588c0d48ec9be30,41540388,"1 s bars, sweeps, labels"
perp_trades,2026-02-28,https://data.binance.vision/data/futures/um/daily/trades/BTCUSDT/BTCUSDT-trades-2026-02-28.zip,OK,16113175be60999fc56d767df80b4ed011cc3310aed47f380b47199ab61a7b50,16113175be60999fc56d767df80b4ed011cc3310aed47f380b47199ab61a7b50,50183874,"1 s bars, sweeps, labels"
perp_trades,2026-03-01,https://data.binance.vision/data/futures/um/daily/trades/BTCUSDT/BTCUSDT-trades-2026-03-01.zip,OK,76cffc39c1f9afb5b868cb697211330e0e9b4ee8d6e10e26dfb21679c515ade5,76cffc39c1f9afb5b868cb697211330e0e9b4ee8d6e10e26dfb21679c515ade5,45927411,"1 s bars, sweeps, labels"
perp_trades,2026-03-02,https://data.binance.vision/data/futures/um/daily/trades/BTCUSDT/BTCUSDT-trades-2026-03-02.zip,OK,5d047daf7aabe83f62683370a0da2a8db2ede3b0f5f917f01577a9a8490a615a,5d047daf7aabe83f62683370a0da2a8db2ede3b0f5f917f01577a9a8490a615a,58960967,"1 s bars, sweeps, labels"
perp_trades,2026-03-03,https://data.binance.vision/data/futures/um/daily/trades/BTCUSDT/BTCUSDT-trades-2026-03-03.zip,OK,7db2132e7b06f6673f1c197193884fbccb40ccf2de3b1a91d7f1429540f6aaa6,7db2132e7b06f6673f1c197193884fbccb40ccf2de3b1a91d7f1429540f6aaa6,56178977,"1 s bars, sweeps, labels"
perp_trades,2026-03-04,https://data.binance.vision/data/futures/um/daily/trades/BTCUSDT/BTCUSDT-trades-2026-03-04.zip,OK,70c165c05b9484e39dc564032c2053f21334c0dba3e760139ed864b53c5a9253,70c165c05b9484e39dc564032c2053f21334c0dba3e760139ed864b53c5a9253,71458438,"1 s bars, sweeps, labels"
perp_trades,2026-03-05,https://data.binance.vision/data/futures/um/daily/trades/BTCUSDT/BTCUSDT-trades-2026-03-05.zip,OK,4f1e74e56a8477efdc757995b6288bb4fb3c53a3bc0339e353a707531851a858,4f1e74e56a8477efdc757995b6288bb4fb3c53a3bc0339e353a707531851a858,48654687,"1 s bars, sweeps, labels"
perp_trades,2026-03-06,https://data.binance.vision/data/futures/um/daily/trades/BTCUSDT/BTCUSDT-trades-2026-03-06.zip,OK,dbeee84c494b749495b3dc8eb2f91cbe8a6ead75ebb0f3157647079fb9625071,dbeee84c494b749495b3dc8eb2f91cbe8a6ead75ebb0f3157647079fb9625071,43970904,"1 s bars, sweeps, labels"
perp_trades,2026-03-07,https://data.binance.vision/data/futures/um/daily/trades/BTCUSDT/BTCUSDT-trades-2026-03-07.zip,OK,72db43ca7afed35e6d2c3af6c0e78b1c69d2e7db87094771b7955b52657c9905,72db43ca7afed35e6d2c3af6c0e78b1c69d2e7db87094771b7955b52657c9905,18228052,"1 s bars, sweeps, labels"
perp_trades,2026-03-08,https://data.binance.vision/data/futures/um/daily/trades/BTCUSDT/BTCUSDT-trades-2026-03-08.zip,OK,122acfd1f499bdb835f44e2f27ba9e2105111d0727149ff9825c72ae9d6c063c,122acfd1f499bdb835f44e2f27ba9e2105111d0727149ff9825c72ae9d6c063c,30912846,"1 s bars, sweeps, labels"
perp_trades,2026-03-09,https://data.binance.vision/data/futures/um/daily/trades/BTCUSDT/BTCUSDT-trades-2026-03-09.zip,OK,31e8da70c149b3fb57af7e90e4ed4b32948f914aaffd9168102f2f51c28c3ebe,31e8da70c149b3fb57af7e90e4ed4b32948f914aaffd9168102f2f51c28c3ebe,49867162,"1 s bars, sweeps, labels"
perp_trades,2026-03-10,https://data.binance.vision/data/futures/um/daily/trades/BTCUSDT/BTCUSDT-trades-2026-03-10.zip,OK,b71ecb381a7a7b533d3b289a4ae8f63c53a706f4e98f0e7dc5e2ba31804982ca,b71ecb381a7a7b533d3b289a4ae8f63c53a706f4e98f0e7dc5e2ba31804982ca,50733226,"1 s bars, sweeps, labels"
perp_trades,2026-03-11,https://data.binance.vision/data/futures/um/daily/trades/BTCUSDT/BTCUSDT-trades-2026-03-11.zip,OK,55e463a6102519121f17f1ff01331b7469da2fbdc5ccbea437b02be126fa5bf9,55e463a6102519121f17f1ff01331b7469da2fbdc5ccbea437b02be126fa5bf9,40211751,"1 s bars, sweeps, labels"
perp_trades,2026-03-12,https://data.binance.vision/data/futures/um/daily/trades/BTCUSDT/BTCUSDT-trades-2026-03-12.zip,OK,05693feb811f3ce6addd57f5ec5e86e4b09340f4735f07acea3dd0ff3ce1a484,05693feb811f3ce6addd57f5ec5e86e4b09340f4735f07acea3dd0ff3ce1a484,39215704,"1 s bars, sweeps, labels"
perp_trades,2026-03-13,https://data.binance.vision/data/futures/um/daily/trades/BTCUSDT/BTCUSDT-trades-2026-03-13.zip,OK,5f9a6f1c961a808380ca4d80c14d7825f7bfb95d8bbcf5c2f7b59a25ca16d511,5f9a6f1c961a808380ca4d80c14d7825f7bfb95d8bbcf5c2f7b59a25ca16d511,50642827,"1 s bars, sweeps, labels"
perp_trades,2026-03-14,https://data.binance.vision/data/futures/um/daily/trades/BTCUSDT/BTCUSDT-trades-2026-03-14.zip,OK,de3ee6bdb422ddfec639ffdf719b27298806db857cb34e45f4efeaedcda0f453,de3ee6bdb422ddfec639ffdf719b27298806db857cb34e45f4efeaedcda0f453,14897259,"1 s bars, sweeps, labels"
perp_trades,2026-03-15,https://data.binance.vision/data/futures/um/daily/trades/BTCUSDT/BTCUSDT-trades-2026-03-15.zip,OK,5de4a1a1d60324b337dd18d8dcc60226995b2d59c4346cd4e22cc9b9e13b40b5,5de4a1a1d60324b337dd18d8dcc60226995b2d59c4346cd4e22cc9b9e13b40b5,23887401,"1 s bars, sweeps, labels"
perp_trades,2026-03-16,https://data.binance.vision/data/futures/um/daily/trades/BTCUSDT/BTCUSDT-trades-2026-03-16.zip,OK,ffab8d448ac10aaba1a85d58a6e49a7fd96881a227da629f458599be0d20ed2d,ffab8d448ac10aaba1a85d58a6e49a7fd96881a227da629f458599be0d20ed2d,48706909,"1 s bars, sweeps, labels"
perp_trades,2026-03-17,https://data.binance.vision/data/futures/um/daily/trades/BTCUSDT/BTCUSDT-trades-2026-03-17.zip,OK,d8289eb933768a80e135820d21d194970159449396d1612f0dff572145a89a1b,d8289eb933768a80e135820d21d194970159449396d1612f0dff572145a89a1b,42385151,"1 s bars, sweeps, labels"
perp_trades,2026-03-18,https://data.binance.vision/data/futures/um/daily/trades/BTCUSDT/BTCUSDT-trades-2026-03-18.zip,OK,773a4d274e894e39bf60bf3dd4f83490ee5c012cb38d47ec0eadee806a4abbfc,773a4d274e894e39bf60bf3dd4f83490ee5c012cb38d47ec0eadee806a4abbfc,41237718,"1 s bars, sweeps, labels"
perp_trades,2026-03-19,https://data.binance.vision/data/futures/um/daily/trades/BTCUSDT/BTCUSDT-trades-2026-03-19.zip,OK,95a78783b6764098e8c6408bb3d05ef772c06580edb676b219c47b839d6299b1,95a78783b6764098e8c6408bb3d05ef772c06580edb676b219c47b839d6299b1,42597071,"1 s bars, sweeps, labels"
perp_trades,2026-03-20,https://data.binance.vision/data/futures/um/daily/trades/BTCUSDT/BTCUSDT-trades-2026-03-20.zip,OK,2062ae04e3e8103513077bd3beddc0440e6c4fe492b1c01e10ec82f86e8e20dd,2062ae04e3e8103513077bd3beddc0440e6c4fe492b1c01e10ec82f86e8e20dd,37339416,"1 s bars, sweeps, labels"
perp_trades,2026-03-21,https://data.binance.vision/data/futures/um/daily/trades/BTCUSDT/BTCUSDT-trades-2026-03-21.zip,OK,3c7f48329e239ecefb84980a57d57c1bc06dbb4a1f5526bc5d83b923cfc0308e,3c7f48329e239ecefb84980a57d57c1bc06dbb4a1f5526bc5d83b923cfc0308e,14516256,"1 s bars, sweeps, labels"
perp_trades,2026-03-22,https://data.binance.vision/data/futures/um/daily/trades/BTCUSDT/BTCUSDT-trades-2026-03-22.zip,OK,a027cb6e4217c0804667e842708f713480bcdc9b97665177520a3f6fa0bfacab,a027cb6e4217c0804667e842708f713480bcdc9b97665177520a3f6fa0bfacab,28240096,"1 s bars, sweeps, labels"
perp_trades,2026-03-23,https://data.binance.vision/data/futures/um/daily/trades/BTCUSDT/BTCUSDT-trades-2026-03-23.zip,OK,245ae6215765a61b3d631850adb5e2a8c473d1b5049cf66833087939cf857777,245ae6215765a61b3d631850adb5e2a8c473d1b5049cf66833087939cf857777,57100944,"1 s bars, sweeps, labels"
perp_trades,2026-03-24,https://data.binance.vision/data/futures/um/daily/trades/BTCUSDT/BTCUSDT-trades-2026-03-24.zip,OK,f283c36eda5508758618d6be16107b3af8bcd7ef723c6d694b264b83f80ec3a0,f283c36eda5508758618d6be16107b3af8bcd7ef723c6d694b264b83f80ec3a0,37866214,"1 s bars, sweeps, labels"
perp_trades,2026-03-25,https://data.binance.vision/data/futures/um/daily/trades/BTCUSDT/BTCUSDT-trades-2026-03-25.zip,OK,074746637610e02a15224431acbd3f8bde7f23f70fafd87f9243c567fdb2d695,074746637610e02a15224431acbd3f8bde7f23f70fafd87f9243c567fdb2d695,32688763,"1 s bars, sweeps, labels"
perp_trades,2026-03-26,https://data.binance.vision/data/futures/um/daily/trades/BTCUSDT/BTCUSDT-trades-2026-03-26.zip,OK,aee6a7b094a5a47400322a0514c4ca8a7188897ba634c03deea7ed7d13503b6a,aee6a7b094a5a47400322a0514c4ca8a7188897ba634c03deea7ed7d13503b6a,33431080,"1 s bars, sweeps, labels"
perp_trades,2026-03-27,https://data.binance.vision/data/futures/um/daily/trades/BTCUSDT/BTCUSDT-trades-2026-03-27.zip,OK,5ed49de2f54b89da8cc93371cba54d04ef05ad85fffbeb49537d43413f05eec0,5ed49de2f54b89da8cc93371cba54d04ef05ad85fffbeb49537d43413f05eec0,37394768,"1 s bars, sweeps, labels"
perp_trades,2026-03-28,https://data.binance.vision/data/futures/um/daily/trades/BTCUSDT/BTCUSDT-trades-2026-03-28.zip,OK,8f41d2e8c0df38b7ba2bdb4a05aeaec444aaafdfd2d383ed48c4031bf5487b9b,8f41d2e8c0df38b7ba2bdb4a05aeaec444aaafdfd2d383ed48c4031bf5487b9b,15025260,"1 s bars, sweeps, labels"
perp_trades,2026-03-29,https://data.binance.vision/data/futures/um/daily/trades/BTCUSDT/BTCUSDT-trades-2026-03-29.zip,OK,2c0ad43ef55b5663ecc4d77fd6ae7247ce476aed826838fcb20bad8a1cbc6eff,2c0ad43ef55b5663ecc4d77fd6ae7247ce476aed826838fcb20bad8a1cbc6eff,19637925,"1 s bars, sweeps, labels"
perp_trades,2026-03-30,https://data.binance.vision/data/futures/um/daily/trades/BTCUSDT/BTCUSDT-trades-2026-03-30.zip,OK,12be17c71a5045af49ff7bc327d130f803ec9f2888bf1922b5b0280f94026861,12be17c71a5045af49ff7bc327d130f803ec9f2888bf1922b5b0280f94026861,36073669,"1 s bars, sweeps, labels"
perp_trades,2026-03-31,https://data.binance.vision/data/futures/um/daily/trades/BTCUSDT/BTCUSDT-trades-2026-03-31.zip,OK,05e922efdd8ce0a47c1da8820b02a6bf58348a88031f9f3e48aec248e4049892,05e922efdd8ce0a47c1da8820b02a6bf58348a88031f9f3e48aec248e4049892,44426078,"1 s bars, sweeps, labels"
perp_trades,2026-04-01,https://data.binance.vision/data/futures/um/daily/trades/BTCUSDT/BTCUSDT-trades-2026-04-01.zip,OK,0c343d8000bd314887ff0ee87f2f59ca86b6c10ab88a8057adb47e5ecbea34e0,0c343d8000bd314887ff0ee87f2f59ca86b6c10ab88a8057adb47e5ecbea34e0,30899597,"1 s bars, sweeps, labels"
perp_trades,2026-04-02,https://data.binance.vision/data/futures/um/daily/trades/BTCUSDT/BTCUSDT-trades-2026-04-02.zip,OK,ad3dbb0be652f2b113f45fc9ad2bfaca468fa3723027e0c3d9b80a5833eb09b3,ad3dbb0be652f2b113f45fc9ad2bfaca468fa3723027e0c3d9b80a5833eb09b3,35035531,"1 s bars, sweeps, labels"
perp_trades,2026-04-03,https://data.binance.vision/data/futures/um/daily/trades/BTCUSDT/BTCUSDT-trades-2026-04-03.zip,OK,4e6eb90e0a564fabafdd8f54c9a5b82a18da49d5995fdeb06ced3548f25ed06b,4e6eb90e0a564fabafdd8f54c9a5b82a18da49d5995fdeb06ced3548f25ed06b,15234435,"1 s bars, sweeps, labels"
perp_trades,2026-04-04,https://data.binance.vision/data/futures/um/daily/trades/BTCUSDT/BTCUSDT-trades-2026-04-04.zip,OK,1b165093720439afe8b89d959030f00299d1e1eaf4262b79b9fb87a480c3e083,1b165093720439afe8b89d959030f00299d1e1eaf4262b79b9fb87a480c3e083,7578288,"1 s bars, sweeps, labels"
perp_trades,2026-04-05,https://data.binance.vision/data/futures/um/daily/trades/BTCUSDT/BTCUSDT-trades-2026-04-05.zip,OK,470f9404adaf9e9088b82f104ae4137b7c0dd1583673e0b80b0d41531b2e241a,470f9404adaf9e9088b82f104ae4137b7c0dd1583673e0b80b0d41531b2e241a,16272301,"1 s bars, sweeps, labels"
perp_trades,2026-04-06,https://data.binance.vision/data/futures/um/daily/trades/BTCUSDT/BTCUSDT-trades-2026-04-06.zip,OK,5d4c043f6b01d74910bf9ff4083d8ae4e5f8be4eb82e21cd31aed4d89f2a170b,5d4c043f6b01d74910bf9ff4083d8ae4e5f8be4eb82e21cd31aed4d89f2a170b,31327783,"1 s bars, sweeps, labels"
perp_trades,2026-04-07,https://data.binance.vision/data/futures/um/daily/trades/BTCUSDT/BTCUSDT-trades-2026-04-07.zip,OK,230a85b75c9eb3075552f9ea455cacdfa05083ea55a8860086a3fcd186d0d95a,230a85b75c9eb3075552f9ea455cacdfa05083ea55a8860086a3fcd186d0d95a,41045594,"1 s bars, sweeps, labels"
perp_trades,2026-04-08,https://data.binance.vision/data/futures/um/daily/trades/BTCUSDT/BTCUSDT-trades-2026-04-08.zip,OK,0fc78f89a010564c9de8c7fb11c52e0d18f2e1b396e922b2f640decec57c0cbb,0fc78f89a010564c9de8c7fb11c52e0d18f2e1b396e922b2f640decec57c0cbb,31408020,"1 s bars, sweeps, labels"
perp_trades,2026-04-09,https://data.binance.vision/data/futures/um/daily/trades/BTCUSDT/BTCUSDT-trades-2026-04-09.zip,OK,0b9c0dd3e8a927a44d5bb6688f15d82ae0966c074ff07c79dc704545b8cfa640,0b9c0dd3e8a927a44d5bb6688f15d82ae0966c074ff07c79dc704545b8cfa640,32325030,"1 s bars, sweeps, labels"
perp_trades,2026-04-10,https://data.binance.vision/data/futures/um/daily/trades/BTCUSDT/BTCUSDT-trades-2026-04-10.zip,OK,46f963c62b9f43ac18d0b57a18fe92c82e1e30ae956e09fd1fcecb8b7dc00dfc,46f963c62b9f43ac18d0b57a18fe92c82e1e30ae956e09fd1fcecb8b7dc00dfc,27033076,"1 s bars, sweeps, labels"
perp_trades,2026-04-11,https://data.binance.vision/data/futures/um/daily/trades/BTCUSDT/BTCUSDT-trades-2026-04-11.zip,OK,c34817fad79740c8eb345fb9774231dd304adcac33da5d74d7d0480e9ecc95c5,c34817fad79740c8eb345fb9774231dd304adcac33da5d74d7d0480e9ecc95c5,13647219,"1 s bars, sweeps, labels"
perp_trades,2026-04-12,https://data.binance.vision/data/futures/um/daily/trades/BTCUSDT/BTCUSDT-trades-2026-04-12.zip,OK,c0bd139c477293dbf80c8bb62fa5198afb897ddd304eb661b85b9410a097bba8,c0bd139c477293dbf80c8bb62fa5198afb897ddd304eb661b85b9410a097bba8,21070977,"1 s bars, sweeps, labels"
perp_trades,2026-04-13,https://data.binance.vision/data/futures/um/daily/trades/BTCUSDT/BTCUSDT-trades-2026-04-13.zip,OK,83d23806d0c6af663899c694e1f57e16bc30610eff158b0b403940a884cf730a,83d23806d0c6af663899c694e1f57e16bc30610eff158b0b403940a884cf730a,33572549,"1 s bars, sweeps, labels"
perp_trades,2026-04-14,https://data.binance.vision/data/futures/um/daily/trades/BTCUSDT/BTCUSDT-trades-2026-04-14.zip,OK,fdfa2dea20e4180554928ef76c14c24721fc0b5977bd72c90357273b1ace5d22,fdfa2dea20e4180554928ef76c14c24721fc0b5977bd72c90357273b1ace5d22,32853451,"1 s bars, sweeps, labels"
perp_trades,2026-04-15,https://data.binance.vision/data/futures/um/daily/trades/BTCUSDT/BTCUSDT-trades-2026-04-15.zip,OK,7ec22c089a2b4695d194df6e65ff16a3fb063f44f7efae70b8cfd0e09ea93872,7ec22c089a2b4695d194df6e65ff16a3fb063f44f7efae70b8cfd0e09ea93872,25828593,"1 s bars, sweeps, labels"
perp_trades,2026-04-16,https://data.binance.vision/data/futures/um/daily/trades/BTCUSDT/BTCUSDT-trades-2026-04-16.zip,OK,d51f37574f5bc55f9977bef2250893c834d544347a33eec97023f5567c015cf4,d51f37574f5bc55f9977bef2250893c834d544347a33eec97023f5567c015cf4,30194628,"1 s bars, sweeps, labels"
perp_trades,2026-04-17,https://data.binance.vision/data/futures/um/daily/trades/BTCUSDT/BTCUSDT-trades-2026-04-17.zip,OK,5a82dac9b93bb4a14537f89fb0b5c690b6f659c0bc4038e10f503b102ea7059a,5a82dac9b93bb4a14537f89fb0b5c690b6f659c0bc4038e10f503b102ea7059a,41493489,"1 s bars, sweeps, labels"
perp_trades,2026-04-18,https://data.binance.vision/data/futures/um/daily/trades/BTCUSDT/BTCUSDT-trades-2026-04-18.zip,OK,1a9077ce5b827d32fd251bdc496ecf5349b6633f48663ce8b0cb9ece5438631d,1a9077ce5b827d32fd251bdc496ecf5349b6633f48663ce8b0cb9ece5438631d,18344684,"1 s bars, sweeps, labels"
perp_trades,2026-04-19,https://data.binance.vision/data/futures/um/daily/trades/BTCUSDT/BTCUSDT-trades-2026-04-19.zip,OK,8c53ba92862964ba9055511a9c33e005d8ca3fb079e1b7262d0d6436f1f36347,8c53ba92862964ba9055511a9c33e005d8ca3fb079e1b7262d0d6436f1f36347,26134643,"1 s bars, sweeps, labels"
perp_trades,2026-04-20,https://data.binance.vision/data/futures/um/daily/trades/BTCUSDT/BTCUSDT-trades-2026-04-20.zip,OK,1762834d7c7c3b28c0e154bb560915a5a9b8a50f678ee184ab79edba0bb21e40,1762834d7c7c3b28c0e154bb560915a5a9b8a50f678ee184ab79edba0bb21e40,32076381,"1 s bars, sweeps, labels"
perp_trades,2026-04-21,https://data.binance.vision/data/futures/um/daily/trades/BTCUSDT/BTCUSDT-trades-2026-04-21.zip,OK,30fab20092d5508aad6980c86cd18a01e0bf0f4a8def978741a2873250dfa696,30fab20092d5508aad6980c86cd18a01e0bf0f4a8def978741a2873250dfa696,32761426,"1 s bars, sweeps, labels"
perp_trades,2026-04-22,https://data.binance.vision/data/futures/um/daily/trades/BTCUSDT/BTCUSDT-trades-2026-04-22.zip,OK,56dd7e274f6f492dbe574ecfee144545ea3bfb2e5e63f7870c7dfb241ef9111b,56dd7e274f6f492dbe574ecfee144545ea3bfb2e5e63f7870c7dfb241ef9111b,34107805,"1 s bars, sweeps, labels"
perp_trades,2026-04-23,https://data.binance.vision/data/futures/um/daily/trades/BTCUSDT/BTCUSDT-trades-2026-04-23.zip,OK,6fbe58f1497fed4d1e045653a511545ab8e6981e89cec1df360fb875986d471b,6fbe58f1497fed4d1e045653a511545ab8e6981e89cec1df360fb875986d471b,32104330,"1 s bars, sweeps, labels"
perp_trades,2026-04-24,https://data.binance.vision/data/futures/um/daily/trades/BTCUSDT/BTCUSDT-trades-2026-04-24.zip,OK,f88fb9b3069af6985ba2c46b700e381ecd7d03dbd1708191eea368b14ec12f9f,f88fb9b3069af6985ba2c46b700e381ecd7d03dbd1708191eea368b14ec12f9f,23051424,"1 s bars, sweeps, labels"
perp_trades,2026-04-25,https://data.binance.vision/data/futures/um/daily/trades/BTCUSDT/BTCUSDT-trades-2026-04-25.zip,OK,dd0f337e23290de450fd3da5dc4da4144be22d7c2e418f98ada1e366a85a8244,dd0f337e23290de450fd3da5dc4da4144be22d7c2e418f98ada1e366a85a8244,8180579,"1 s bars, sweeps, labels"
perp_trades,2026-04-26,https://data.binance.vision/data/futures/um/daily/trades/BTCUSDT/BTCUSDT-trades-2026-04-26.zip,OK,3e17fe54e1eed6104953383c288734dbeedecf1599e434e9388620c2dd2611b9,3e17fe54e1eed6104953383c288734dbeedecf1599e434e9388620c2dd2611b9,14607475,"1 s bars, sweeps, labels"
perp_trades,2026-04-27,https://data.binance.vision/data/futures/um/daily/trades/BTCUSDT/BTCUSDT-trades-2026-04-27.zip,OK,5806683bd833f8bbaf8cd8e0dfcc52cfca387a8798341a787ca25481c2262d00,5806683bd833f8bbaf8cd8e0dfcc52cfca387a8798341a787ca25481c2262d00,27999904,"1 s bars, sweeps, labels"
perp_trades,2026-04-28,https://data.binance.vision/data/futures/um/daily/trades/BTCUSDT/BTCUSDT-trades-2026-04-28.zip,OK,75b6e081de4fcf65f7099948d261f41efc05398eb2da8b1dab3df68c736f4b72,75b6e081de4fcf65f7099948d261f41efc05398eb2da8b1dab3df68c736f4b72,20293661,"1 s bars, sweeps, labels"
perp_trades,2026-04-29,https://data.binance.vision/data/futures/um/daily/trades/BTCUSDT/BTCUSDT-trades-2026-04-29.zip,OK,543cbdea1f894c8dad3e629543df375fa4fa6bcde2b87c8c711acf61eff0b85f,543cbdea1f894c8dad3e629543df375fa4fa6bcde2b87c8c711acf61eff0b85f,28225197,"1 s bars, sweeps, labels"
perp_trades,2026-04-30,https://data.binance.vision/data/futures/um/daily/trades/BTCUSDT/BTCUSDT-trades-2026-04-30.zip,OK,325f043620884586a87675649f53277d121bf37b8a98fb7a60216e5b7846bc97,325f043620884586a87675649f53277d121bf37b8a98fb7a60216e5b7846bc97,18909051,"1 s bars, sweeps, labels"
perp_trades,2026-05-01,https://data.binance.vision/data/futures/um/daily/trades/BTCUSDT/BTCUSDT-trades-2026-05-01.zip,OK,f7f1d7a4c18ae8c6a6975867e38f0910014aebff2d432ddd98529cdb38f0e60a,f7f1d7a4c18ae8c6a6975867e38f0910014aebff2d432ddd98529cdb38f0e60a,23874366,"1 s bars, sweeps, labels"
perp_trades,2026-05-02,https://data.binance.vision/data/futures/um/daily/trades/BTCUSDT/BTCUSDT-trades-2026-05-02.zip,OK,79cdef6db79a7f24244410fe1538896d68a8b8b39093784e2eaacf30c5411428,79cdef6db79a7f24244410fe1538896d68a8b8b39093784e2eaacf30c5411428,9217237,"1 s bars, sweeps, labels"
perp_trades,2026-05-03,https://data.binance.vision/data/futures/um/daily/trades/BTCUSDT/BTCUSDT-trades-2026-05-03.zip,OK,59957718935bc2c3d80d6c5bae1f51fcbaaf42dc5186f2850a60e45f8fd0566d,59957718935bc2c3d80d6c5bae1f51fcbaaf42dc5186f2850a60e45f8fd0566d,13200052,"1 s bars, sweeps, labels"
perp_trades,2026-05-04,https://data.binance.vision/data/futures/um/daily/trades/BTCUSDT/BTCUSDT-trades-2026-05-04.zip,OK,cea8e1e94f90a129eb70559372f18f1884764c7e110772dbe5971d650c548958,cea8e1e94f90a129eb70559372f18f1884764c7e110772dbe5971d650c548958,41680466,"1 s bars, sweeps, labels"
perp_trades,2026-05-05,https://data.binance.vision/data/futures/um/daily/trades/BTCUSDT/BTCUSDT-trades-2026-05-05.zip,OK,9e7dd06d3c47240ba12be33e1300f4bb45dda1794bf24668417426f076c35e2e,9e7dd06d3c47240ba12be33e1300f4bb45dda1794bf24668417426f076c35e2e,26145499,"1 s bars, sweeps, labels"
perp_trades,2026-05-06,https://data.binance.vision/data/futures/um/daily/trades/BTCUSDT/BTCUSDT-trades-2026-05-06.zip,OK,50a77ed5ba03ed6f215cba8e661e7a3aae19cd00ac400470b58a95255def7387,50a77ed5ba03ed6f215cba8e661e7a3aae19cd00ac400470b58a95255def7387,28072033,"1 s bars, sweeps, labels"
perp_trades,2026-05-07,https://data.binance.vision/data/futures/um/daily/trades/BTCUSDT/BTCUSDT-trades-2026-05-07.zip,OK,0fb1462ee0baf95941de9bf6a78f8ee9e11209b657029b933900be8bcba4f840,0fb1462ee0baf95941de9bf6a78f8ee9e11209b657029b933900be8bcba4f840,24855458,"1 s bars, sweeps, labels"
perp_trades,2026-05-08,https://data.binance.vision/data/futures/um/daily/trades/BTCUSDT/BTCUSDT-trades-2026-05-08.zip,OK,1d36f942654891adfb2ed5011857648fe6a12ef1b7ead50470b5d212d7f7030e,1d36f942654891adfb2ed5011857648fe6a12ef1b7ead50470b5d212d7f7030e,20693868,"1 s bars, sweeps, labels"
perp_trades,2026-05-09,https://data.binance.vision/data/futures/um/daily/trades/BTCUSDT/BTCUSDT-trades-2026-05-09.zip,OK,b05cf30191aeb4fad48eab239a22ebfd8af8dd692b1b1dda6eb2998cfc6f1e46,b05cf30191aeb4fad48eab239a22ebfd8af8dd692b1b1dda6eb2998cfc6f1e46,9545813,"1 s bars, sweeps, labels"
perp_trades,2026-05-10,https://data.binance.vision/data/futures/um/daily/trades/BTCUSDT/BTCUSDT-trades-2026-05-10.zip,OK,8c0bae0db0e80a5378e403332ec30cea595e6a22a65707b90bbc40c613caf6c4,8c0bae0db0e80a5378e403332ec30cea595e6a22a65707b90bbc40c613caf6c4,16891849,"1 s bars, sweeps, labels"
perp_trades,2026-05-11,https://data.binance.vision/data/futures/um/daily/trades/BTCUSDT/BTCUSDT-trades-2026-05-11.zip,OK,0c710a52fd955ff57b82761090f1d9ffd8caba93fc1430108cc11afc1e2446a6,0c710a52fd955ff57b82761090f1d9ffd8caba93fc1430108cc11afc1e2446a6,23188498,"1 s bars, sweeps, labels"
perp_trades,2026-05-12,https://data.binance.vision/data/futures/um/daily/trades/BTCUSDT/BTCUSDT-trades-2026-05-12.zip,OK,ea1bd9f3a405034af53a0c1047fffd6e2bbefef9490ed865ebc7abfea4922dc8,ea1bd9f3a405034af53a0c1047fffd6e2bbefef9490ed865ebc7abfea4922dc8,20212618,"1 s bars, sweeps, labels"
perp_trades,2026-05-13,https://data.binance.vision/data/futures/um/daily/trades/BTCUSDT/BTCUSDT-trades-2026-05-13.zip,OK,9e35309b4862c9321bd735876878d73798556f0f1cb712a76c35c6efcc51b49c,9e35309b4862c9321bd735876878d73798556f0f1cb712a76c35c6efcc51b49c,21951606,"1 s bars, sweeps, labels"
perp_trades,2026-05-14,https://data.binance.vision/data/futures/um/daily/trades/BTCUSDT/BTCUSDT-trades-2026-05-14.zip,OK,67260abf16e37a4160de0130999cee5bc4449344434808b5dae19b7d6a5d8355,67260abf16e37a4160de0130999cee5bc4449344434808b5dae19b7d6a5d8355,27959202,"1 s bars, sweeps, labels"
perp_trades,2026-05-15,https://data.binance.vision/data/futures/um/daily/trades/BTCUSDT/BTCUSDT-trades-2026-05-15.zip,OK,784401d2f33baa239316396d4b779da8d10b6dbee0e73b9e0bed818f25f2defe,784401d2f33baa239316396d4b779da8d10b6dbee0e73b9e0bed818f25f2defe,26368497,"1 s bars, sweeps, labels"
perp_trades,2026-05-16,https://data.binance.vision/data/futures/um/daily/trades/BTCUSDT/BTCUSDT-trades-2026-05-16.zip,OK,1ecbd477a3f65828995a22e6ed2fc031b3057ad1a4e4844350c604d2412da04f,1ecbd477a3f65828995a22e6ed2fc031b3057ad1a4e4844350c604d2412da04f,14188826,"1 s bars, sweeps, labels"
perp_trades,2026-05-17,https://data.binance.vision/data/futures/um/daily/trades/BTCUSDT/BTCUSDT-trades-2026-05-17.zip,OK,d488a4adc1d92b74c4fff19bfaf295bfbe18d1bfc657f236e85afac2e825cb45,d488a4adc1d92b74c4fff19bfaf295bfbe18d1bfc657f236e85afac2e825cb45,14510063,"1 s bars, sweeps, labels"
perp_trades,2026-05-18,https://data.binance.vision/data/futures/um/daily/trades/BTCUSDT/BTCUSDT-trades-2026-05-18.zip,OK,ab53ada67c43838c6fc12e0b963c88934e624c9a5438de4189778cceac9be585,ab53ada67c43838c6fc12e0b963c88934e624c9a5438de4189778cceac9be585,31486766,"1 s bars, sweeps, labels"
perp_trades,2026-05-19,https://data.binance.vision/data/futures/um/daily/trades/BTCUSDT/BTCUSDT-trades-2026-05-19.zip,OK,c5b80c5c01c87580c407799e0089520255075de3d6bfedd9397235f0c2f2879e,c5b80c5c01c87580c407799e0089520255075de3d6bfedd9397235f0c2f2879e,19324684,"1 s bars, sweeps, labels"
perp_trades,2026-05-20,https://data.binance.vision/data/futures/um/daily/trades/BTCUSDT/BTCUSDT-trades-2026-05-20.zip,OK,851cec25bcc15b9d3714bbcb63122304f4c87ecbe04e450d4ac92086ec63a888,851cec25bcc15b9d3714bbcb63122304f4c87ecbe04e450d4ac92086ec63a888,19708025,"1 s bars, sweeps, labels"
perp_trades,2026-05-21,https://data.binance.vision/data/futures/um/daily/trades/BTCUSDT/BTCUSDT-trades-2026-05-21.zip,OK,0cda62bcdefc39fac8e85a32e19658559f3ad90835c55b9497448524841c9c86,0cda62bcdefc39fac8e85a32e19658559f3ad90835c55b9497448524841c9c86,20868320,"1 s bars, sweeps, labels"
perp_trades,2026-05-22,https://data.binance.vision/data/futures/um/daily/trades/BTCUSDT/BTCUSDT-trades-2026-05-22.zip,OK,83cf6e4f2715dac79bb33b76b4695720962d2b3ed05cb2172232ad8885968765,83cf6e4f2715dac79bb33b76b4695720962d2b3ed05cb2172232ad8885968765,18954882,"1 s bars, sweeps, labels"
perp_trades,2026-05-23,https://data.binance.vision/data/futures/um/daily/trades/BTCUSDT/BTCUSDT-trades-2026-05-23.zip,OK,35256d4cb8bb8526871e6857f8635782c50c558f5b64a12f441ef946c3eea0b4,35256d4cb8bb8526871e6857f8635782c50c558f5b64a12f441ef946c3eea0b4,22642200,"1 s bars, sweeps, labels"
perp_trades,2026-05-24,https://data.binance.vision/data/futures/um/daily/trades/BTCUSDT/BTCUSDT-trades-2026-05-24.zip,OK,34a81fe0924d2f89e959ebe43adeec022a440a7a13fb08957b88676735dee93b,34a81fe0924d2f89e959ebe43adeec022a440a7a13fb08957b88676735dee93b,16554602,"1 s bars, sweeps, labels"
perp_trades,2026-05-25,https://data.binance.vision/data/futures/um/daily/trades/BTCUSDT/BTCUSDT-trades-2026-05-25.zip,OK,352a64fa8dd847c99e14651b9180352d5dc93147252a2974ebf260fc4f50f1b9,352a64fa8dd847c99e14651b9180352d5dc93147252a2974ebf260fc4f50f1b9,14169603,"1 s bars, sweeps, labels"
perp_trades,2026-05-26,https://data.binance.vision/data/futures/um/daily/trades/BTCUSDT/BTCUSDT-trades-2026-05-26.zip,OK,0edd4cec1fe55b20836cc12ee576c130cb088a837a3b24c6a9aff7afab0edaa8,0edd4cec1fe55b20836cc12ee576c130cb088a837a3b24c6a9aff7afab0edaa8,27119835,"1 s bars, sweeps, labels"
perp_trades,2026-05-27,https://data.binance.vision/data/futures/um/daily/trades/BTCUSDT/BTCUSDT-trades-2026-05-27.zip,OK,1baf6927d76cc6e7820d73a630c926da41a95bad5d7ee1924b9b11d36259ef77,1baf6927d76cc6e7820d73a630c926da41a95bad5d7ee1924b9b11d36259ef77,24937564,"1 s bars, sweeps, labels"
perp_trades,2026-05-28,https://data.binance.vision/data/futures/um/daily/trades/BTCUSDT/BTCUSDT-trades-2026-05-28.zip,OK,943b434e16b0195af18f9eecf1fead4dd7f66b8a932dfc584b5b131af204185f,943b434e16b0195af18f9eecf1fead4dd7f66b8a932dfc584b5b131af204185f,29019857,"1 s bars, sweeps, labels"
perp_trades,2026-05-29,https://data.binance.vision/data/futures/um/daily/trades/BTCUSDT/BTCUSDT-trades-2026-05-29.zip,OK,b6e52342e826ef00435649d47070643217cdd770fd21a5947b39a1bbe8ea3418,b6e52342e826ef00435649d47070643217cdd770fd21a5947b39a1bbe8ea3418,24267354,"1 s bars, sweeps, labels"
perp_trades,2026-05-30,https://data.binance.vision/data/futures/um/daily/trades/BTCUSDT/BTCUSDT-trades-2026-05-30.zip,OK,4c5ce4f25ac3e84e950d178e5393df80a12f30ebaee1d1d036a9c73fca52e989,4c5ce4f25ac3e84e950d178e5393df80a12f30ebaee1d1d036a9c73fca52e989,8667555,"1 s bars, sweeps, labels"
perp_trades,2026-05-31,https://data.binance.vision/data/futures/um/daily/trades/BTCUSDT/BTCUSDT-trades-2026-05-31.zip,OK,1742fcaa7a9a6309cb373b0562ed5e1c1734c3267bc955cb789672ec452a1114,1742fcaa7a9a6309cb373b0562ed5e1c1734c3267bc955cb789672ec452a1114,10617140,"1 s bars, sweeps, labels"
perp_trades,2026-06-01,https://data.binance.vision/data/futures/um/daily/trades/BTCUSDT/BTCUSDT-trades-2026-06-01.zip,OK,d281ef60e90e0591db0009f2a0c28fb5d338476a7b7de596a82ee163a603e39d,d281ef60e90e0591db0009f2a0c28fb5d338476a7b7de596a82ee163a603e39d,32854022,"1 s bars, sweeps, labels"
perp_trades,2026-06-02,https://data.binance.vision/data/futures/um/daily/trades/BTCUSDT/BTCUSDT-trades-2026-06-02.zip,OK,7627ae77a131a37bac856545bf862a07ac2e9c894ec7d8d0cc97de02843b450c,7627ae77a131a37bac856545bf862a07ac2e9c894ec7d8d0cc97de02843b450c,52921926,"1 s bars, sweeps, labels"
perp_trades,2026-06-03,https://data.binance.vision/data/futures/um/daily/trades/BTCUSDT/BTCUSDT-trades-2026-06-03.zip,OK,a34d2a89d0ce6ea4f102536879153fe1cdfc98c32ca96e0e6f529477fe3ba5df,a34d2a89d0ce6ea4f102536879153fe1cdfc98c32ca96e0e6f529477fe3ba5df,51339033,"1 s bars, sweeps, labels"
perp_trades,2026-06-04,https://data.binance.vision/data/futures/um/daily/trades/BTCUSDT/BTCUSDT-trades-2026-06-04.zip,OK,76c855b98d6a3e62251ba822ffa96d8f1f1a83690a1f880ff3348fd3a7e88f81,76c855b98d6a3e62251ba822ffa96d8f1f1a83690a1f880ff3348fd3a7e88f81,79681761,"1 s bars, sweeps, labels"
perp_trades,2026-06-05,https://data.binance.vision/data/futures/um/daily/trades/BTCUSDT/BTCUSDT-trades-2026-06-05.zip,OK,f06956567f22d61fe316a4b4e6a5bb94633661499dcf0d544e68a9c5118c27be,f06956567f22d61fe316a4b4e6a5bb94633661499dcf0d544e68a9c5118c27be,96001021,"1 s bars, sweeps, labels"
perp_trades,2026-06-06,https://data.binance.vision/data/futures/um/daily/trades/BTCUSDT/BTCUSDT-trades-2026-06-06.zip,OK,a7d4e517b767d122032b95bf68c85c39d155dbc75638ec3c72900b9733efe313,a7d4e517b767d122032b95bf68c85c39d155dbc75638ec3c72900b9733efe313,40613945,"1 s bars, sweeps, labels"
perp_trades,2026-06-07,https://data.binance.vision/data/futures/um/daily/trades/BTCUSDT/BTCUSDT-trades-2026-06-07.zip,OK,375110779ba76224ac9b5e04d82a8c3f91fd47baca811867a90a2efe4a3dbd05,375110779ba76224ac9b5e04d82a8c3f91fd47baca811867a90a2efe4a3dbd05,42215051,"1 s bars, sweeps, labels"
perp_trades,2026-06-08,https://data.binance.vision/data/futures/um/daily/trades/BTCUSDT/BTCUSDT-trades-2026-06-08.zip,OK,f94b8108c1c83abd9273bb7fde37c0a1b62ebbc996e5a204365764851b4a10c1,f94b8108c1c83abd9273bb7fde37c0a1b62ebbc996e5a204365764851b4a10c1,40435930,"1 s bars, sweeps, labels"
perp_trades,2026-06-09,https://data.binance.vision/data/futures/um/daily/trades/BTCUSDT/BTCUSDT-trades-2026-06-09.zip,OK,09ad51cdac8d4dd0ecf85cd06265296ecf98e71d410218ee35d1e91128a02323,09ad51cdac8d4dd0ecf85cd06265296ecf98e71d410218ee35d1e91128a02323,40845582,"1 s bars, sweeps, labels"
perp_trades,2026-06-10,https://data.binance.vision/data/futures/um/daily/trades/BTCUSDT/BTCUSDT-trades-2026-06-10.zip,OK,305578d7ea6fe7498f5a8a247f337a50d03aa99ea965d10c02b3e9c3264698d4,305578d7ea6fe7498f5a8a247f337a50d03aa99ea965d10c02b3e9c3264698d4,40380177,"1 s bars, sweeps, labels"
perp_trades,2026-06-11,https://data.binance.vision/data/futures/um/daily/trades/BTCUSDT/BTCUSDT-trades-2026-06-11.zip,OK,2170328b958bb5957a03b3968c49805f3881a1466a16d463b0b05543d7aef637,2170328b958bb5957a03b3968c49805f3881a1466a16d463b0b05543d7aef637,33154466,"1 s bars, sweeps, labels"
perp_trades,2026-06-12,https://data.binance.vision/data/futures/um/daily/trades/BTCUSDT/BTCUSDT-trades-2026-06-12.zip,OK,3bc72b8d0306f68e0bbce17b59212fb3e2eec98391a4495e739c0525846f0084,3bc72b8d0306f68e0bbce17b59212fb3e2eec98391a4495e739c0525846f0084,26786084,"1 s bars, sweeps, labels"
perp_trades,2026-06-13,https://data.binance.vision/data/futures/um/daily/trades/BTCUSDT/BTCUSDT-trades-2026-06-13.zip,OK,fee93d35e24c211b2e05a173996dfa79e9a746a460e156a942638576cb14456a,fee93d35e24c211b2e05a173996dfa79e9a746a460e156a942638576cb14456a,12239762,"1 s bars, sweeps, labels"
perp_trades,2026-06-14,https://data.binance.vision/data/futures/um/daily/trades/BTCUSDT/BTCUSDT-trades-2026-06-14.zip,OK,2e410bd8e34c32ba58748275843e95cf4054033868a8807b28bafca81c8d8d3b,2e410bd8e34c32ba58748275843e95cf4054033868a8807b28bafca81c8d8d3b,18462927,"1 s bars, sweeps, labels"
perp_trades,2026-06-15,https://data.binance.vision/data/futures/um/daily/trades/BTCUSDT/BTCUSDT-trades-2026-06-15.zip,OK,816164e49eedceca01a922807dbb44681f4f6d79ec6229ea021dd0a32a0c11f5,816164e49eedceca01a922807dbb44681f4f6d79ec6229ea021dd0a32a0c11f5,27029774,"1 s bars, sweeps, labels"
perp_trades,2026-06-16,https://data.binance.vision/data/futures/um/daily/trades/BTCUSDT/BTCUSDT-trades-2026-06-16.zip,OK,b23c92d5d48d1a332b53049d3ad557b4aaca48c4af8b26aa41143d0dcca24eea,b23c92d5d48d1a332b53049d3ad557b4aaca48c4af8b26aa41143d0dcca24eea,23834604,"1 s bars, sweeps, labels"
perp_trades,2026-06-17,https://data.binance.vision/data/futures/um/daily/trades/BTCUSDT/BTCUSDT-trades-2026-06-17.zip,OK,1a936970c7c553cace3d56db5d576eb6fc315fdc71d7fe4d649b4b59727faf5a,1a936970c7c553cace3d56db5d576eb6fc315fdc71d7fe4d649b4b59727faf5a,34368231,"1 s bars, sweeps, labels"
perp_trades,2026-06-18,https://data.binance.vision/data/futures/um/daily/trades/BTCUSDT/BTCUSDT-trades-2026-06-18.zip,OK,b61672563e94b935d3aae1e9362a99c75da415dba9f6c9ef39db853b53596dcf,b61672563e94b935d3aae1e9362a99c75da415dba9f6c9ef39db853b53596dcf,30021037,"1 s bars, sweeps, labels"
perp_trades,2026-06-19,https://data.binance.vision/data/futures/um/daily/trades/BTCUSDT/BTCUSDT-trades-2026-06-19.zip,OK,cd1b3529c7f7cb8a5e2cbe97215ff1c82730de9ebed040e012c16df7e0818bca,cd1b3529c7f7cb8a5e2cbe97215ff1c82730de9ebed040e012c16df7e0818bca,20190203,"1 s bars, sweeps, labels"
perp_trades,2026-06-20,https://data.binance.vision/data/futures/um/daily/trades/BTCUSDT/BTCUSDT-trades-2026-06-20.zip,OK,4d772f2a59a7ea1be9595f933321f5a8eebcacba2d280b2b9c36fba7d80977a6,4d772f2a59a7ea1be9595f933321f5a8eebcacba2d280b2b9c36fba7d80977a6,16179248,"1 s bars, sweeps, labels"
perp_trades,2026-06-21,https://data.binance.vision/data/futures/um/daily/trades/BTCUSDT/BTCUSDT-trades-2026-06-21.zip,OK,7a8cfa702b988d1598aed70e890b8359c1f20d32d093a36bd099bc9c2217f0a3,7a8cfa702b988d1598aed70e890b8359c1f20d32d093a36bd099bc9c2217f0a3,14400161,"1 s bars, sweeps, labels"
perp_trades,2026-06-22,https://data.binance.vision/data/futures/um/daily/trades/BTCUSDT/BTCUSDT-trades-2026-06-22.zip,OK,61dbbee2b4ab3234fc35851c93b25d4fb551558e4119981365976493278dc300,61dbbee2b4ab3234fc35851c93b25d4fb551558e4119981365976493278dc300,28423549,"1 s bars, sweeps, labels"
perp_trades,2026-06-23,https://data.binance.vision/data/futures/um/daily/trades/BTCUSDT/BTCUSDT-trades-2026-06-23.zip,OK,fb47e04c47920f915cb12a02eab1514efa3df2a8e5d7ec106844ad5694f8d38e,fb47e04c47920f915cb12a02eab1514efa3df2a8e5d7ec106844ad5694f8d38e,29475959,"1 s bars, sweeps, labels"
perp_trades,2026-06-24,https://data.binance.vision/data/futures/um/daily/trades/BTCUSDT/BTCUSDT-trades-2026-06-24.zip,OK,3a5b741d5eaa37e425ecd518b5858e44d9f19e73b9c426ecfaa1a42b752e3a1b,3a5b741d5eaa37e425ecd518b5858e44d9f19e73b9c426ecfaa1a42b752e3a1b,44394084,"1 s bars, sweeps, labels"
perp_trades,2026-06-25,https://data.binance.vision/data/futures/um/daily/trades/BTCUSDT/BTCUSDT-trades-2026-06-25.zip,OK,4b58ee5de3c54d3add25778afc88ac04659f2d365bd42d088495da1292cc895d,4b58ee5de3c54d3add25778afc88ac04659f2d365bd42d088495da1292cc895d,50321228,"1 s bars, sweeps, labels"
perp_trades,2026-06-26,https://data.binance.vision/data/futures/um/daily/trades/BTCUSDT/BTCUSDT-trades-2026-06-26.zip,OK,44fb603a88384455442b3ce7ea6d147a21ac89839389d80a1b23d98271072f5a,44fb603a88384455442b3ce7ea6d147a21ac89839389d80a1b23d98271072f5a,51152508,"1 s bars, sweeps, labels"
perp_trades,2026-06-27,https://data.binance.vision/data/futures/um/daily/trades/BTCUSDT/BTCUSDT-trades-2026-06-27.zip,OK,3f050e093117db6f6a48e83bda5baa4e248c372d532c3c8f2942000523a2de75,3f050e093117db6f6a48e83bda5baa4e248c372d532c3c8f2942000523a2de75,14538839,"1 s bars, sweeps, labels"
perp_trades,2026-06-28,https://data.binance.vision/data/futures/um/daily/trades/BTCUSDT/BTCUSDT-trades-2026-06-28.zip,OK,cdb34b06f5826d18d5ae129bb9480c48f045dac614f5e9c079ddca4c7931dffd,cdb34b06f5826d18d5ae129bb9480c48f045dac614f5e9c079ddca4c7931dffd,19525957,"1 s bars, sweeps, labels"
perp_trades,2026-06-29,https://data.binance.vision/data/futures/um/daily/trades/BTCUSDT/BTCUSDT-trades-2026-06-29.zip,OK,d931b6a94311017fc39a81335e70bee6533d4a13b4d6719dab2a4dfab090c8b9,d931b6a94311017fc39a81335e70bee6533d4a13b4d6719dab2a4dfab090c8b9,42438225,"1 s bars, sweeps, labels"
perp_trades,2026-06-30,https://data.binance.vision/data/futures/um/daily/trades/BTCUSDT/BTCUSDT-trades-2026-06-30.zip,OK,042563f0f275523f9513060c5f73526706106ab60daa79bcec992e33492d35c6,042563f0f275523f9513060c5f73526706106ab60daa79bcec992e33492d35c6,31726075,"1 s bars, sweeps, labels"
perp_trades,2026-07-01,https://data.binance.vision/data/futures/um/daily/trades/BTCUSDT/BTCUSDT-trades-2026-07-01.zip,OK,37973aa27ad7f5cdad7d080dfad506e0ad68140730fc4eab87ba10b1467ea862,37973aa27ad7f5cdad7d080dfad506e0ad68140730fc4eab87ba10b1467ea862,39048755,"1 s bars, sweeps, labels"
perp_trades,2026-07-02,https://data.binance.vision/data/futures/um/daily/trades/BTCUSDT/BTCUSDT-trades-2026-07-02.zip,OK,6f083296716f97f776ce67499f54c296b3641024637d45caf962230a0aea4d92,6f083296716f97f776ce67499f54c296b3641024637d45caf962230a0aea4d92,36032167,"1 s bars, sweeps, labels"
perp_trades,2026-07-03,https://data.binance.vision/data/futures/um/daily/trades/BTCUSDT/BTCUSDT-trades-2026-07-03.zip,OK,caf3ae6b2ac01727a5d58b4d9e936db0d94c716e1de7977a694cc3b8be72580d,caf3ae6b2ac01727a5d58b4d9e936db0d94c716e1de7977a694cc3b8be72580d,21318132,"1 s bars, sweeps, labels"
perp_trades,2026-07-04,https://data.binance.vision/data/futures/um/daily/trades/BTCUSDT/BTCUSDT-trades-2026-07-04.zip,OK,8ccf1abc2b19c68220bd55795ced8477fc0fcf64f4d4841bb229c31e18e47077,8ccf1abc2b19c68220bd55795ced8477fc0fcf64f4d4841bb229c31e18e47077,14329666,"1 s bars, sweeps, labels"
perp_trades,2026-07-05,https://data.binance.vision/data/futures/um/daily/trades/BTCUSDT/BTCUSDT-trades-2026-07-05.zip,OK,588b26b323ab531d82779bd37cb0460f9d41779427fd59e48ffb44355ce91797,588b26b323ab531d82779bd37cb0460f9d41779427fd59e48ffb44355ce91797,15656585,"1 s bars, sweeps, labels"
perp_trades,2026-07-06,https://data.binance.vision/data/futures/um/daily/trades/BTCUSDT/BTCUSDT-trades-2026-07-06.zip,OK,ce994c03a0d2b1c892fa5d4fb1d571894a0ab33285002edcfcfdf7822aacbe05,ce994c03a0d2b1c892fa5d4fb1d571894a0ab33285002edcfcfdf7822aacbe05,37759696,"1 s bars, sweeps, labels"
perp_trades,2026-07-07,https://data.binance.vision/data/futures/um/daily/trades/BTCUSDT/BTCUSDT-trades-2026-07-07.zip,OK,e03a7eaef03ac54aaed8db18f4467f5b65667a4fe7536c9df97ced55f263b98d,e03a7eaef03ac54aaed8db18f4467f5b65667a4fe7536c9df97ced55f263b98d,30473694,"1 s bars, sweeps, labels"
perp_trades,2026-07-08,https://data.binance.vision/data/futures/um/daily/trades/BTCUSDT/BTCUSDT-trades-2026-07-08.zip,OK,b6e6c8f01acf19f850e83d3aede56d0122691147933b7330e239d900cea12027,b6e6c8f01acf19f850e83d3aede56d0122691147933b7330e239d900cea12027,28495213,"1 s bars, sweeps, labels"
perp_trades,2026-07-09,https://data.binance.vision/data/futures/um/daily/trades/BTCUSDT/BTCUSDT-trades-2026-07-09.zip,OK,fd9f26570add701f97fff8b257957d0b3070e3c225a8efa5985a663f7ee3fa9d,fd9f26570add701f97fff8b257957d0b3070e3c225a8efa5985a663f7ee3fa9d,26842478,"1 s bars, sweeps, labels"
perp_trades,2026-07-10,https://data.binance.vision/data/futures/um/daily/trades/BTCUSDT/BTCUSDT-trades-2026-07-10.zip,OK,db11370cbad8e08a9a368fc98aabd6d760545578b76e3626aea3eab93ae5f133,db11370cbad8e08a9a368fc98aabd6d760545578b76e3626aea3eab93ae5f133,22172298,"1 s bars, sweeps, labels"
perp_trades,2026-07-11,https://data.binance.vision/data/futures/um/daily/trades/BTCUSDT/BTCUSDT-trades-2026-07-11.zip,OK,4aeedb997f9db149f75b982f2707b77f2adfa5eda29bf60aa2ac10e9f6bb716a,4aeedb997f9db149f75b982f2707b77f2adfa5eda29bf60aa2ac10e9f6bb716a,9630408,"1 s bars, sweeps, labels"
perp_trades,2026-07-12,https://data.binance.vision/data/futures/um/daily/trades/BTCUSDT/BTCUSDT-trades-2026-07-12.zip,OK,adf0b6ab7162fd13cdeafa80193367082770c3c38b0dbbe0bf26dd7a18171b26,adf0b6ab7162fd13cdeafa80193367082770c3c38b0dbbe0bf26dd7a18171b26,11357296,"1 s bars, sweeps, labels"
perp_trades,2026-07-13,https://data.binance.vision/data/futures/um/daily/trades/BTCUSDT/BTCUSDT-trades-2026-07-13.zip,OK,709d8794c38ccebd4321cfa24ad59f259e1aaa472f592e8e1042fb2614a728e2,709d8794c38ccebd4321cfa24ad59f259e1aaa472f592e8e1042fb2614a728e2,28807890,"1 s bars, sweeps, labels"
perp_trades,2026-07-14,https://data.binance.vision/data/futures/um/daily/trades/BTCUSDT/BTCUSDT-trades-2026-07-14.zip,OK,82cb7d87166b20fae27208357cba2ff938176905b226ce8e0a0b348a779a155f,82cb7d87166b20fae27208357cba2ff938176905b226ce8e0a0b348a779a155f,27277811,"1 s bars, sweeps, labels"
perp_trades,2026-07-15,https://data.binance.vision/data/futures/um/daily/trades/BTCUSDT/BTCUSDT-trades-2026-07-15.zip,OK,a45e0fbaaff8aa4b662408aa05ffacb1a12ef5bca4378a44ff70671468e5b9a3,a45e0fbaaff8aa4b662408aa05ffacb1a12ef5bca4378a44ff70671468e5b9a3,21960480,"1 s bars, sweeps, labels"
perp_trades,2026-07-16,https://data.binance.vision/data/futures/um/daily/trades/BTCUSDT/BTCUSDT-trades-2026-07-16.zip,OK,4d2849e5d19c1d5be47c095c8066566ce45056d9db038c1019a6b2c1edcd5bd6,4d2849e5d19c1d5be47c095c8066566ce45056d9db038c1019a6b2c1edcd5bd6,21489450,"1 s bars, sweeps, labels"
perp_trades,2026-07-17,https://data.binance.vision/data/futures/um/daily/trades/BTCUSDT/BTCUSDT-trades-2026-07-17.zip,OK,7e458a50c42bffbb3704e36e3fa808b75126b6c4d5c12f835dd464794c8e93f3,7e458a50c42bffbb3704e36e3fa808b75126b6c4d5c12f835dd464794c8e93f3,25632503,"1 s bars, sweeps, labels"
perp_trades,2026-07-18,https://data.binance.vision/data/futures/um/daily/trades/BTCUSDT/BTCUSDT-trades-2026-07-18.zip,OK,27615b75bce2089bd58a94f14b96a4cc726b47e3f2a936914a5e332c39ab08cf,27615b75bce2089bd58a94f14b96a4cc726b47e3f2a936914a5e332c39ab08cf,8027535,"1 s bars, sweeps, labels"
perp_trades,2026-07-19,https://data.binance.vision/data/futures/um/daily/trades/BTCUSDT/BTCUSDT-trades-2026-07-19.zip,OK,c3dc849bd3ddb92f6ee7315994c0c158c0072c3b87f0d8260d8545c36961ec63,c3dc849bd3ddb92f6ee7315994c0c158c0072c3b87f0d8260d8545c36961ec63,10591772,"1 s bars, sweeps, labels"
perp_trades,2026-07-20,https://data.binance.vision/data/futures/um/daily/trades/BTCUSDT/BTCUSDT-trades-2026-07-20.zip,OK,9d1c1e845a81372490c327bd765b8914d5d71b5d1696aac0b723757a07e48b42,9d1c1e845a81372490c327bd765b8914d5d71b5d1696aac0b723757a07e48b42,28643335,"1 s bars, sweeps, labels"
perp_trades,2026-07-21,https://data.binance.vision/data/futures/um/daily/trades/BTCUSDT/BTCUSDT-trades-2026-07-21.zip,OK,e96ea41113abaad2a72d1ab5607ae90a3f548ea5a44e1f1c7a9aefa54db1f337,e96ea41113abaad2a72d1ab5607ae90a3f548ea5a44e1f1c7a9aefa54db1f337,21551563,"1 s bars, sweeps, labels"
perp_trades,2026-07-22,https://data.binance.vision/data/futures/um/daily/trades/BTCUSDT/BTCUSDT-trades-2026-07-22.zip,OK,b6d5b4fa722ddf2526fecb01cc829cd5be86d47696aede67982da29f5752fc92,b6d5b4fa722ddf2526fecb01cc829cd5be86d47696aede67982da29f5752fc92,18420682,"1 s bars, sweeps, labels"
perp_trades,2026-07-23,https://data.binance.vision/data/futures/um/daily/trades/BTCUSDT/BTCUSDT-trades-2026-07-23.zip,OK,68dd58572c42a4e82f59dac8b58b523ce4d18582fcb58796f982d25ddb5df9c0,68dd58572c42a4e82f59dac8b58b523ce4d18582fcb58796f982d25ddb5df9c0,18595881,"1 s bars, sweeps, labels"
perp_trades,2026-07-24,https://data.binance.vision/data/futures/um/daily/trades/BTCUSDT/BTCUSDT-trades-2026-07-24.zip,OK,b8f535a25eeffc4d7972826bb8e887229dc059962fa28553cd0c0b46c68c80d4,b8f535a25eeffc4d7972826bb8e887229dc059962fa28553cd0c0b46c68c80d4,20127448,"1 s bars, sweeps, labels"
perp_trades,2026-07-25,https://data.binance.vision/data/futures/um/daily/trades/BTCUSDT/BTCUSDT-trades-2026-07-25.zip,OK,0cd60989f5ead315cdaae4dc1bc0d0f6d0d45582c235e8c476069d31ad45292d,0cd60989f5ead315cdaae4dc1bc0d0f6d0d45582c235e8c476069d31ad45292d,6493716,"1 s bars, sweeps, labels"
perp_trades,2026-07-26,https://data.binance.vision/data/futures/um/daily/trades/BTCUSDT/BTCUSDT-trades-2026-07-26.zip,OK,d0b10df9013088ad9a5a288100bd326a1e2169e15d0c1d278ca5d824d42bb144,d0b10df9013088ad9a5a288100bd326a1e2169e15d0c1d278ca5d824d42bb144,9763674,"1 s bars, sweeps, labels"
perp_trades,2026-07-27,https://data.binance.vision/data/futures/um/daily/trades/BTCUSDT/BTCUSDT-trades-2026-07-27.zip,OK,316c2e4dc5f835c6147989b938f34ec3f8638c2295ec29fcacc8a68522019a4f,316c2e4dc5f835c6147989b938f34ec3f8638c2295ec29fcacc8a68522019a4f,22884476,"1 s bars, sweeps, labels"
perp_trades,2026-07-28,https://data.binance.vision/data/futures/um/daily/trades/BTCUSDT/BTCUSDT-trades-2026-07-28.zip,OK,caa1824ead5c0b6e375a32fd1f695eff42dcde112c5fe963e19f94f3aea24fc2,caa1824ead5c0b6e375a32fd1f695eff42dcde112c5fe963e19f94f3aea24fc2,22043398,"1 s bars, sweeps, labels"
perp_trades,2026-07-29,https://data.binance.vision/data/futures/um/daily/trades/BTCUSDT/BTCUSDT-trades-2026-07-29.zip,OK,cf2fb94fa922ba7ce91ced56819876c1d6fbbe08189e32e4bbd625869501708e,cf2fb94fa922ba7ce91ced56819876c1d6fbbe08189e32e4bbd625869501708e,29480700,"1 s bars, sweeps, labels"
perp_trades,2026-07-30,https://data.binance.vision/data/futures/um/daily/trades/BTCUSDT/BTCUSDT-trades-2026-07-30.zip,OK,6f6e5fc9e9e83ad5f0259f3151e845b1c4d8ee68a1cbadf0994737bd599c6dfb,6f6e5fc9e9e83ad5f0259f3151e845b1c4d8ee68a1cbadf0994737bd599c6dfb,17562744,"1 s bars, sweeps, labels"
perp_trades,2026-07-31,https://data.binance.vision/data/futures/um/daily/trades/BTCUSDT/BTCUSDT-trades-2026-07-31.zip,OK,9787c116017a3d3ddb7fd9bf166779533cae1ac36841652ae0ac33e4ba360ad3,9787c116017a3d3ddb7fd9bf166779533cae1ac36841652ae0ac33e4ba360ad3,24391078,"1 s bars, sweeps, labels"
perp_trades,2026-08-01,https://data.binance.vision/data/futures/um/daily/trades/BTCUSDT/BTCUSDT-trades-2026-08-01.zip,OK,ca0c8c028e5911e26380f6ae78dd730ffce1fcb1fd7d4e4e6b586afb8421cbaa,ca0c8c028e5911e26380f6ae78dd730ffce1fcb1fd7d4e4e6b586afb8421cbaa,8146006,"1 s bars, sweeps, labels"
perp_trades,2026-08-02,https://data.binance.vision/data/futures/um/daily/trades/BTCUSDT/BTCUSDT-trades-2026-08-02.zip,OK,2d1f2ee7c4cb744290c537acc7d95ff74cb285f53dcaa00d77ada0312eec537c,2d1f2ee7c4cb744290c537acc7d95ff74cb285f53dcaa00d77ada0312eec537c,11898531,"1 s bars, sweeps, labels"
perp_trades,2026-08-03,https://data.binance.vision/data/futures/um/daily/trades/BTCUSDT/BTCUSDT-trades-2026-08-03.zip,OK,b58d7499e15eb591fb44976edbaab4e7f512e2df9c3f032fd05581c3798641dd,b58d7499e15eb591fb44976edbaab4e7f512e2df9c3f032fd05581c3798641dd,22208043,"1 s bars, sweeps, labels"
perp_trades,2026-08-04,https://data.binance.vision/data/futures/um/daily/trades/BTCUSDT/BTCUSDT-trades-2026-08-04.zip,OK,17ecd265ed2ae966cad1b8bccbc95ea60f024d181be6d378044c1375d730aca8,17ecd265ed2ae966cad1b8bccbc95ea60f024d181be6d378044c1375d730aca8,19683070,"1 s bars, sweeps, labels"
perp_trades,2026-08-05,https://data.binance.vision/data/futures/um/daily/trades/BTCUSDT/BTCUSDT-trades-2026-08-05.zip,OK,6cbf68e8e64475f6ef5244ee394e5fee6630f7e1e86f1c8bce7e1fba9b4e64b1,6cbf68e8e64475f6ef5244ee394e5fee6630f7e1e86f1c8bce7e1fba9b4e64b1,19274326,"1 s bars, sweeps, labels"
perp_trades,2026-08-06,https://data.binance.vision/data/futures/um/daily/trades/BTCUSDT/BTCUSDT-trades-2026-08-06.zip,OK,105d6fa9d7d858ffa835d43ddb994427141c4125463bfcd41b59fef2e4541869,105d6fa9d7d858ffa835d43ddb994427141c4125463bfcd41b59fef2e4541869,14486953,"1 s bars, sweeps, labels"
perp_trades,2026-08-07,https://data.binance.vision/data/futures/um/daily/trades/BTCUSDT/BTCUSDT-trades-2026-08-07.zip,OK,837e9459c9deb036eb6411ccecd0cda3eee779da61f28ad7a323b17303b9549a,837e9459c9deb036eb6411ccecd0cda3eee779da61f28ad7a323b17303b9549a,17388688,"1 s bars, sweeps, labels"
perp_trades,2026-08-08,https://data.binance.vision/data/futures/um/daily/trades/BTCUSDT/BTCUSDT-trades-2026-08-08.zip,OK,12f66809ecbe2fb00a16dfc0902c1c3a31a9931d800628d56bfe4ebcc4c27d55,12f66809ecbe2fb00a16dfc0902c1c3a31a9931d800628d56bfe4ebcc4c27d55,4282297,"1 s bars, sweeps, labels"
perp_trades,2026-08-09,https://data.binance.vision/data/futures/um/daily/trades/BTCUSDT/BTCUSDT-trades-2026-08-09.zip,OK,4781100b7470593bae089ae6040d750bba494e89afdc1eab46bd0f0878958ef3,4781100b7470593bae089ae6040d750bba494e89afdc1eab46bd0f0878958ef3,6834244,"1 s bars, sweeps, labels"
perp_trades,2026-08-10,https://data.binance.vision/data/futures/um/daily/trades/BTCUSDT/BTCUSDT-trades-2026-08-10.zip,OK,150e25112243e033702f7183dbfa696c24b459f1d87da823340309b10f64a3a3,150e25112243e033702f7183dbfa696c24b459f1d87da823340309b10f64a3a3,16934804,"1 s bars, sweeps, labels"
perp_trades,2026-08-11,https://data.binance.vision/data/futures/um/daily/trades/BTCUSDT/BTCUSDT-trades-2026-08-11.zip,OK,d84dae7a1d37ef0eaf345ef0c728619ac61047b97775f6b8909c3788a2623e27,d84dae7a1d37ef0eaf345ef0c728619ac61047b97775f6b8909c3788a2623e27,13950608,"1 s bars, sweeps, labels"
perp_trades,2026-08-12,https://data.binance.vision/data/futures/um/daily/trades/BTCUSDT/BTCUSDT-trades-2026-08-12.zip,OK,c4a3fed745e0080f98e5a9d1830327bcffbff0236de357f0ca3d05b3c7419ae8,c4a3fed745e0080f98e5a9d1830327bcffbff0236de357f0ca3d05b3c7419ae8,15728037,"1 s bars, sweeps, labels"
perp_trades,2026-08-13,https://data.binance.vision/data/futures/um/daily/trades/BTCUSDT/BTCUSDT-trades-2026-08-13.zip,OK,4b0da18991659d53bf7bf5708b5391d28e7469ed95ea36890f00a51599f49531,4b0da18991659d53bf7bf5708b5391d28e7469ed95ea36890f00a51599f49531,15674587,"1 s bars, sweeps, labels"
perp_trades,2026-08-14,https://data.binance.vision/data/futures/um/daily/trades/BTCUSDT/BTCUSDT-trades-2026-08-14.zip,OK,1870c0b17c2726032812ce876c08819b09a546bdb6527000127c92c8cd6bfcc6,1870c0b17c2726032812ce876c08819b09a546bdb6527000127c92c8cd6bfcc6,14227191,"1 s bars, sweeps, labels"
perp_trades,2026-08-15,https://data.binance.vision/data/futures/um/daily/trades/BTCUSDT/BTCUSDT-trades-2026-08-15.zip,OK,94fe976a93a323ec2e8809a0c62db01f9328ae2f94ed68852c081b4616c6e84c,94fe976a93a323ec2e8809a0c62db01f9328ae2f94ed68852c081b4616c6e84c,4137836,"1 s bars, sweeps, labels"
perp_trades,2026-08-16,https://data.binance.vision/data/futures/um/daily/trades/BTCUSDT/BTCUSDT-trades-2026-08-16.zip,OK,59d8cb69d6536c895d3fa22e78b11ee4e50a0f1be30c464d90b0efd3c987c30b,59d8cb69d6536c895d3fa22e78b11ee4e50a0f1be30c464d90b0efd3c987c30b,5727076,"1 s bars, sweeps, labels"
perp_trades,2026-08-17,https://data.binance.vision/data/futures/um/daily/trades/BTCUSDT/BTCUSDT-trades-2026-08-17.zip,OK,b95468daafb0ab84f1d4e27150160a3a07b54cabb186c06c365b1187fb0ffe35,b95468daafb0ab84f1d4e27150160a3a07b54cabb186c06c365b1187fb0ffe35,16599811,"1 s bars, sweeps, labels"
perp_trades,2026-08-18,https://data.binance.vision/data/futures/um/daily/trades/BTCUSDT/BTCUSDT-trades-2026-08-18.zip,OK,8063a3ba07b9af225122b14a1a8f71f7c657d891c38f0a38cf2d52d1fba47ea5,8063a3ba07b9af225122b14a1a8f71f7c657d891c38f0a38cf2d52d1fba47ea5,12170213,"1 s bars, sweeps, labels"
perp_trades,2026-08-19,https://data.binance.vision/data/futures/um/daily/trades/BTCUSDT/BTCUSDT-trades-2026-08-19.zip,OK,77455a6091e82bce16d6db6b27bd113d4fc309be9a3f552c1cfc45dd8d6eda1a,77455a6091e82bce16d6db6b27bd113d4fc309be9a3f552c1cfc45dd8d6eda1a,40876365,"1 s bars, sweeps, labels"
perp_trades,2026-08-20,https://data.binance.vision/data/futures/um/daily/trades/BTCUSDT/BTCUSDT-trades-2026-08-20.zip,OK,02fb456dca1b13f8c0216484c8b714c54ca07379dffa7f712e1a51583957a102,02fb456dca1b13f8c0216484c8b714c54ca07379dffa7f712e1a51583957a102,49681052,"1 s bars, sweeps, labels"
perp_trades,2026-08-21,https://data.binance.vision/data/futures/um/daily/trades/BTCUSDT/BTCUSDT-trades-2026-08-21.zip,OK,09d2d2311cb5dcc5bd3fc6950faa19a83c3e38ae81feb804c3dc26048d2c1b7e,09d2d2311cb5dcc5bd3fc6950faa19a83c3e38ae81feb804c3dc26048d2c1b7e,79983996,"1 s bars, sweeps, labels"
perp_trades,2026-08-22,https://data.binance.vision/data/futures/um/daily/trades/BTCUSDT/BTCUSDT-trades-2026-08-22.zip,OK,1453008f14b60e0b18edc028cd8b04ffbf300303b11fd4aa344ab43c21c2f270,1453008f14b60e0b18edc028cd8b04ffbf300303b11fd4aa344ab43c21c2f270,28432630,"1 s bars, sweeps, labels"
perp_trades,2026-08-23,https://data.binance.vision/data/futures/um/daily/trades/BTCUSDT/BTCUSDT-trades-2026-08-23.zip,OK,e5dbdb1286ea5e35de4e716d994fc46790e2ca786bb46ec864a210cb64737304,e5dbdb1286ea5e35de4e716d994fc46790e2ca786bb46ec864a210cb64737304,24198750,"1 s bars, sweeps, labels"
perp_trades,2026-08-24,https://data.binance.vision/data/futures/um/daily/trades/BTCUSDT/BTCUSDT-trades-2026-08-24.zip,OK,19ec7e6aa254b946961999a344631b6cadcdd56b95f2cae288e2bc0f2c95361d,19ec7e6aa254b946961999a344631b6cadcdd56b95f2cae288e2bc0f2c95361d,44440347,"1 s bars, sweeps, labels"
perp_trades,2026-08-25,https://data.binance.vision/data/futures/um/daily/trades/BTCUSDT/BTCUSDT-trades-2026-08-25.zip,OK,635db5ad113b864dba6e9c7c0690658f647568a3af431aa5e491fa1c630fd7b6,635db5ad113b864dba6e9c7c0690658f647568a3af431aa5e491fa1c630fd7b6,43481555,"1 s bars, sweeps, labels"
perp_trades,2026-08-26,https://data.binance.vision/data/futures/um/daily/trades/BTCUSDT/BTCUSDT-trades-2026-08-26.zip,OK,6de1bfb47219e70f247fda01af1b0b1932264a893383f6b588195cf0f8d70614,6de1bfb47219e70f247fda01af1b0b1932264a893383f6b588195cf0f8d70614,26041985,"1 s bars, sweeps, labels"
perp_trades,2026-08-27,https://data.binance.vision/data/futures/um/daily/trades/BTCUSDT/BTCUSDT-trades-2026-08-27.zip,OK,3e8e4b6f017b0765d1834cc25622252d1f024e7a305f330418dc8b23d60204f9,3e8e4b6f017b0765d1834cc25622252d1f024e7a305f330418dc8b23d60204f9,28297110,"1 s bars, sweeps, labels"
perp_trades,2026-08-28,https://data.binance.vision/data/futures/um/daily/trades/BTCUSDT/BTCUSDT-trades-2026-08-28.zip,OK,f8699d36b5b61ace794e1e83291ace9a5f1faef4207c9ffe0d65fa8931726ca5,f8699d36b5b61ace794e1e83291ace9a5f1faef4207c9ffe0d65fa8931726ca5,35171483,"1 s bars, sweeps, labels"
perp_trades,2026-08-29,https://data.binance.vision/data/futures/um/daily/trades/BTCUSDT/BTCUSDT-trades-2026-08-29.zip,OK,d0cf3eb31331fb295a533a8d3c01d905e348c722b0a0a7f5f70c6be39c75e390,d0cf3eb31331fb295a533a8d3c01d905e348c722b0a0a7f5f70c6be39c75e390,8884431,"1 s bars, sweeps, labels"
perp_trades,2026-08-30,https://data.binance.vision/data/futures/um/daily/trades/BTCUSDT/BTCUSDT-trades-2026-08-30.zip,OK,bd8bc71a8658e20387166546a13189bc6e9ec993e014d8feeedc516b1e362bf5,bd8bc71a8658e20387166546a13189bc6e9ec993e014d8feeedc516b1e362bf5,16645827,"1 s bars, sweeps, labels"
perp_trades,2026-08-31,https://data.binance.vision/data/futures/um/daily/trades/BTCUSDT/BTCUSDT-trades-2026-08-31.zip,OK,815f164eb9dd9f87f1abf42fb5af40c6f641a401a2765ca4a6e08a61307e4b15,815f164eb9dd9f87f1abf42fb5af40c6f641a401a2765ca4a6e08a61307e4b15,25701847,"1 s bars, sweeps, labels"
perp_aggtrades,2026-06-30,https://data.binance.vision/data/futures/um/daily/aggTrades/BTCUSDT/BTCUSDT-aggTrades-2026-06-30.zip,OK,95f9c0855c96be148bf40a818a617e2ebcbde19e285613c6dd8dc91bfa264cf0,95f9c0855c96be148bf40a818a617e2ebcbde19e285613c6dd8dc91bfa264cf0,19469750,S0-T audit day only
