run,edge_ok_cells,I_RESPECT,I_RESPECT_lo975,delta_real_RESPECT,n_real_confirm_RESPECT,I_BREAK,I_BREAK_lo975,delta_real_BREAK,n_real_confirm_BREAK,n_AGREE_validate,mean_AGREE_validate,AGREE_lo95_validate,H2_validate_pass,G_validate_pass
primary (B15),IBM|UTC|-1|360+,-0.42381717247347805,-2.5273333853011564,-0.42210352170430143,422,0.11129659645529189,-5.274227111164173,0.30613649884424543,60,1,0.01541164504003148,0.01541164504003148,False,False
W = 5 s,,-1.4490270107531344,-3.573867172119466,-2.4027668920044567,559,-1.5554782028867238,-8.799765768955151,-5.48187936967272,33,0,,,False,False
W = 30 s,,0.3107538143395851,-1.4059724014390447,0.16373065546829357,304,-0.9054970002200982,-5.283484315174599,0.644819599053464,87,0,,,False,False
W = 60 s,IBH|UTC|1|360+,0.20719722826560477,-1.6673615713627075,-0.14997457226451905,203,1.8786520768048143,-1.7512372312251683,2.023891637360787,107,1,5.520697280716242,5.520697280716242,False,False
at-level band 2 bp,,-0.42381717247347805,-2.5273333853011564,-0.42210352170430143,422,0.11129659645529189,-5.274227111164173,0.30613649884424543,60,0,,,False,False
mid proxy = last trade,IBM|UTC|-1|360+,-0.4058797779928209,-2.521020514841317,-0.40464183205939575,422,0.12247550918916195,-5.26349690366195,0.2982976497300745,60,1,0.0,0.0,False,False
entry latency 0 s,,-0.4364483754821387,-2.5568333558362983,-0.43138577717302895,422,-0.17586432670090418,-5.520581893169358,0.1899963179411121,60,0,,,False,False
TI_into_w >= 0.10,IBM|UTC|-1|360+,-0.4051922353232161,-2.355764676615385,-0.23998305319007926,458,0.16259376492897737,-5.173287459151307,0.3574336673179309,62,1,0.01541164504003148,0.01541164504003148,False,False
TI_into_w >= 0.30,IBL|UTC|1|360+;IBM|UTC|-1|360+,-0.17258209975555527,-1.9945602211417082,-0.346973551086189,379,0.04137308682078489,-5.029291081516936,0.30613649884424543,60,3,11.334063228691008,0.01541164504003148,False,False
sigma placebos,IBM|UTC|-1|360+,0.43048881105935266,-1.626109382743372,-0.42210352170430143,422,1.167865887507512,-4.593953918736813,0.30613649884424543,60,1,0.01541164504003148,0.01541164504003148,False,False
clusters excluded,IBM|UTC|-1|360+,-0.5957739779257494,-2.727009882017518,-0.5940603271565728,398,-0.03929991422852458,-5.590518539162568,0.15553998816042897,58,1,0.01541164504003148,0.01541164504003148,False,False
