check,known,recomputed,match
trades_sha256,042563f0f275523f9513060c5f73526706106ab60daa79bcec992e33492d35c6,042563f0f275523f9513060c5f73526706106ab60daa79bcec992e33492d35c6,True
trades_has_header,True,True,True
trade_rows,4297703,4297703,True
trade_id_gaps,6088,6088,True
trade_id_max_step,4,4,True
time_decreasing_steps,0,0,True
day_volume_btc,191646.301,191646.301,True
minutes_mismatch_volume,0,0,True
minutes_mismatch_taker_buy,0,0,True
minutes_mismatch_count,0,0,True
seconds_with_trades,84201,84201,True
taker_groups,890137,890137,True
sweep_groups_trades,150006,150006,True
sweep_qty_btc_trades,81726.879,81726.879,True
sweep_groups_nonmonotone,513,513,True
agg_rows,1596010,1596010,True
sweep_keys_trades,149281,149281,True
sweep_keys_aggtrades,141448,141448,True
aggtrades_sweep_keys_found_in_trades,141448,141448,True
agg_ids_absent_from_trades,697,697,True
