date,status,rows,id_gaps,id_max_step,time_decreasing,outside_day,min_mismatch_volume,min_mismatch_taker_buy,min_mismatch_count,seconds_with_trades,sweeps,events,slice,url,sha256,expected,fetch_status
2025-12-12,OK,3756406,7014,4,0,0,0,0,0,83059,179101,0,KEPT,https://data.binance.vision/data/futures/um/daily/trades/BTCUSDT/BTCUSDT-trades-2025-12-12.zip,d7ea0702bb259809ae53cf2a9ec8f3e6b070e65f3dfb48014177189724753cde,d7ea0702bb259809ae53cf2a9ec8f3e6b070e65f3dfb48014177189724753cde,OK
2025-12-13,OK,932723,4638,4,0,0,0,0,0,75806,29143,0,KEPT,https://data.binance.vision/data/futures/um/daily/trades/BTCUSDT/BTCUSDT-trades-2025-12-13.zip,9cc60ab9d60e4baf2f6967e39165d88ab099a3758b79da272bc443d970dcc40a,9cc60ab9d60e4baf2f6967e39165d88ab099a3758b79da272bc443d970dcc40a,OK
2025-12-14,OK,2328828,5487,4,0,0,0,0,0,79868,104336,0,KEPT,https://data.binance.vision/data/futures/um/daily/trades/BTCUSDT/BTCUSDT-trades-2025-12-14.zip,66551c6448ae7a6e96a1d1fa2380fcd5ef78249fd653cfeb935db01577a58405,66551c6448ae7a6e96a1d1fa2380fcd5ef78249fd653cfeb935db01577a58405,OK
2025-12-15,OK,4934375,7413,3,0,0,0,0,0,84491,251547,0,KEPT,https://data.binance.vision/data/futures/um/daily/trades/BTCUSDT/BTCUSDT-trades-2025-12-15.zip,b71f59a4c14e282471ec08dbc31da2b9ad12fd592a37a3c8883276f1c70e82b5,b71f59a4c14e282471ec08dbc31da2b9ad12fd592a37a3c8883276f1c70e82b5,OK
2025-12-16,OK,4227432,6787,4,0,0,0,0,0,84455,224846,0,KEPT,https://data.binance.vision/data/futures/um/daily/trades/BTCUSDT/BTCUSDT-trades-2025-12-16.zip,39d47973223cf483c52b9e7de230114682dcb14a96c800eccdb666d78c9bc3ac,39d47973223cf483c52b9e7de230114682dcb14a96c800eccdb666d78c9bc3ac,OK
2025-12-17,OK,5781931,6712,4,0,0,0,0,0,84317,282449,0,KEPT,https://data.binance.vision/data/futures/um/daily/trades/BTCUSDT/BTCUSDT-trades-2025-12-17.zip,6a6db071910c5da40bfa751ffee9cc7e54316599b1b5390be6c335bf7da94709,6a6db071910c5da40bfa751ffee9cc7e54316599b1b5390be6c335bf7da94709,OK
2025-12-18,OK,6086801,7742,5,0,0,0,0,0,84550,301101,0,KEPT,https://data.binance.vision/data/futures/um/daily/trades/BTCUSDT/BTCUSDT-trades-2025-12-18.zip,d3f091de1febd9b40c3188fcbe224d75561147e82469ddc19ae12a330c950345,d3f091de1febd9b40c3188fcbe224d75561147e82469ddc19ae12a330c950345,OK
2025-12-19,OK,5034312,6880,4,0,0,0,0,0,84598,253543,0,KEPT,https://data.binance.vision/data/futures/um/daily/trades/BTCUSDT/BTCUSDT-trades-2025-12-19.zip,582394826c25cb1c74a5fea438a367a16b33f619277984fc85e91b551fb06d52,582394826c25cb1c74a5fea438a367a16b33f619277984fc85e91b551fb06d52,OK
2025-12-20,OK,923871,4805,4,0,0,0,0,0,74718,31871,0,KEPT,https://data.binance.vision/data/futures/um/daily/trades/BTCUSDT/BTCUSDT-trades-2025-12-20.zip,eb116c6f8fc9a8a4b487882015c5774be34b69366ef61d2e13e91cf86d0bc45b,eb116c6f8fc9a8a4b487882015c5774be34b69366ef61d2e13e91cf86d0bc45b,OK
2025-12-21,OK,1874966,6729,4,0,0,0,0,0,77142,78166,0,KEPT,https://data.binance.vision/data/futures/um/daily/trades/BTCUSDT/BTCUSDT-trades-2025-12-21.zip,89aead23cf6f28cff5e472f096f65e4f7a61d745186a33ab977fc5243b69fff3,89aead23cf6f28cff5e472f096f65e4f7a61d745186a33ab977fc5243b69fff3,OK
2025-12-22,OK,4180747,8932,5,0,0,0,0,0,84392,200887,0,KEPT,https://data.binance.vision/data/futures/um/daily/trades/BTCUSDT/BTCUSDT-trades-2025-12-22.zip,2d5050b524862cccea377642849afca1b34b0b7eedb9e1a744cc003cf6dc55fa,2d5050b524862cccea377642849afca1b34b0b7eedb9e1a744cc003cf6dc55fa,OK
2025-12-23,OK,3476009,7765,4,0,0,0,0,0,83817,157368,0,KEPT,https://data.binance.vision/data/futures/um/daily/trades/BTCUSDT/BTCUSDT-trades-2025-12-23.zip,76f8b693f9ef344ee1b7001fa1518194e65038949d605d7605ad32be7c7eb137,76f8b693f9ef344ee1b7001fa1518194e65038949d605d7605ad32be7c7eb137,OK
2025-12-24,OK,2265487,7233,4,0,0,0,0,0,81632,99920,0,KEPT,https://data.binance.vision/data/futures/um/daily/trades/BTCUSDT/BTCUSDT-trades-2025-12-24.zip,78f2086010845616aadb8a2d6ce5985394aed05126d15c612247a0fb99afe788,78f2086010845616aadb8a2d6ce5985394aed05126d15c612247a0fb99afe788,OK
2025-12-25,OK,1544627,4559,4,0,0,0,0,0,77521,59475,0,KEPT,https://data.binance.vision/data/futures/um/daily/trades/BTCUSDT/BTCUSDT-trades-2025-12-25.zip,3b23ad0a1bf54c2e86f24a0eeae986ed0213d67aee71cfc413e03291a73ca9fa,3b23ad0a1bf54c2e86f24a0eeae986ed0213d67aee71cfc413e03291a73ca9fa,OK
2025-12-26,OK,3606967,7611,4,0,0,0,0,0,82978,147018,0,KEPT,https://data.binance.vision/data/futures/um/daily/trades/BTCUSDT/BTCUSDT-trades-2025-12-26.zip,ecb8da77c8bde751995a3abbae9fd52f3453bef5a23d28fcce545de3c7b8e9b0,ecb8da77c8bde751995a3abbae9fd52f3453bef5a23d28fcce545de3c7b8e9b0,OK
2025-12-27,OK,702865,4909,5,0,0,0,0,0,74740,19158,0,KEPT,https://data.binance.vision/data/futures/um/daily/trades/BTCUSDT/BTCUSDT-trades-2025-12-27.zip,b3b09e1df23917decdf7c59ef428d573e0a640a292d6517d71d71bf2e9f3f674,b3b09e1df23917decdf7c59ef428d573e0a640a292d6517d71d71bf2e9f3f674,OK
2025-12-28,OK,886145,4532,5,0,0,0,0,0,73599,27784,0,KEPT,https://data.binance.vision/data/futures/um/daily/trades/BTCUSDT/BTCUSDT-trades-2025-12-28.zip,fd7548614e1a0568f2abb523b471cdafe6a549c9ad7dd8cab6ba93ac16c7514c,fd7548614e1a0568f2abb523b471cdafe6a549c9ad7dd8cab6ba93ac16c7514c,OK
2025-12-29,OK,3903591,8858,4,0,0,0,0,0,83867,148091,0,KEPT,https://data.binance.vision/data/futures/um/daily/trades/BTCUSDT/BTCUSDT-trades-2025-12-29.zip,c3eec04e86cfc0de8f37c6dd968961f51805e0aa5bd8d07b0c076861022db4da,c3eec04e86cfc0de8f37c6dd968961f51805e0aa5bd8d07b0c076861022db4da,OK
2025-12-30,OK,2751660,8434,4,0,0,0,0,0,82506,105633,0,KEPT,https://data.binance.vision/data/futures/um/daily/trades/BTCUSDT/BTCUSDT-trades-2025-12-30.zip,70a9c3aaf73bf7799fadc07262e5a4efd7f3e2c6750f84a5224b135717760388,70a9c3aaf73bf7799fadc07262e5a4efd7f3e2c6750f84a5224b135717760388,OK
2025-12-31,OK,2111873,7108,4,0,0,0,0,0,79578,77745,0,KEPT,https://data.binance.vision/data/futures/um/daily/trades/BTCUSDT/BTCUSDT-trades-2025-12-31.zip,4b96ee5b789f211f7d0887d0c340bd74bc51cfe862f25c39c79bd9d6ca741381,4b96ee5b789f211f7d0887d0c340bd74bc51cfe862f25c39c79bd9d6ca741381,OK
2026-01-01,OK,1056983,5851,4,0,0,0,0,0,74996,28209,56,KEPT,https://data.binance.vision/data/futures/um/daily/trades/BTCUSDT/BTCUSDT-trades-2026-01-01.zip,b5caa5e5e5ab9473dc91b6795a8da3f8eacf4881ddb453a42a142094d0b84966,b5caa5e5e5ab9473dc91b6795a8da3f8eacf4881ddb453a42a142094d0b84966,OK
2026-01-02,OK,3761821,9090,4,0,0,0,0,0,83149,151935,77,KEPT,https://data.binance.vision/data/futures/um/daily/trades/BTCUSDT/BTCUSDT-trades-2026-01-02.zip,48da827ed081a7b95703b401d9a65cea08f7de0c45f096d25a2479acbeb07adb,48da827ed081a7b95703b401d9a65cea08f7de0c45f096d25a2479acbeb07adb,OK
2026-01-03,OK,1281323,6704,4,0,0,0,0,0,79030,38648,73,KEPT,https://data.binance.vision/data/futures/um/daily/trades/BTCUSDT/BTCUSDT-trades-2026-01-03.zip,9b96f25345fdbdf7dd41bf458f64600565cdcb801dc8e5c7497bae4422e98856,9b96f25345fdbdf7dd41bf458f64600565cdcb801dc8e5c7497bae4422e98856,OK
2026-01-04,OK,1754310,6617,3,0,0,0,0,0,80368,68886,55,KEPT,https://data.binance.vision/data/futures/um/daily/trades/BTCUSDT/BTCUSDT-trades-2026-01-04.zip,ae579a123a79119cdf428440cbd6eac0df16d48227018d0cfa2c796d6b5300d5,ae579a123a79119cdf428440cbd6eac0df16d48227018d0cfa2c796d6b5300d5,OK
2026-01-05,OK,4067261,10462,3,0,0,0,0,0,85429,155336,39,KEPT,https://data.binance.vision/data/futures/um/daily/trades/BTCUSDT/BTCUSDT-trades-2026-01-05.zip,16944a2fbb49b96fc730346c5ec6f6fa1ac2225f83af78dbabc8665b8883c2c3,16944a2fbb49b96fc730346c5ec6f6fa1ac2225f83af78dbabc8665b8883c2c3,OK
2026-01-06,OK,3608826,8679,4,0,0,0,0,0,84984,141983,75,KEPT,https://data.binance.vision/data/futures/um/daily/trades/BTCUSDT/BTCUSDT-trades-2026-01-06.zip,930f14a801b58e480dd32505f755dc2f371fc1d68e8f9e1849ffb81153df028b,930f14a801b58e480dd32505f755dc2f371fc1d68e8f9e1849ffb81153df028b,OK
2026-01-07,OK,3128555,8495,4,0,0,0,0,0,83593,127186,67,KEPT,https://data.binance.vision/data/futures/um/daily/trades/BTCUSDT/BTCUSDT-trades-2026-01-07.zip,f406f7a4a54f707fcfaef7b677ff891f2974d19a0e309a729654c12811ac7836,f406f7a4a54f707fcfaef7b677ff891f2974d19a0e309a729654c12811ac7836,OK
2026-01-08,OK,3683287,8688,4,0,0,0,0,0,84153,142167,72,KEPT,https://data.binance.vision/data/futures/um/daily/trades/BTCUSDT/BTCUSDT-trades-2026-01-08.zip,1d4366354266a0abec542c78de8639d9457bd100f97b7be10d773e7b55cbd89e,1d4366354266a0abec542c78de8639d9457bd100f97b7be10d773e7b55cbd89e,OK
2026-01-09,OK,3331017,6967,4,0,0,0,0,0,80631,138344,137,KEPT,https://data.binance.vision/data/futures/um/daily/trades/BTCUSDT/BTCUSDT-trades-2026-01-09.zip,de03c86fb3328e8ea164c277182a267559e94fb68022ec187b2f116d40bbf442,de03c86fb3328e8ea164c277182a267559e94fb68022ec187b2f116d40bbf442,OK
2026-01-10,OK,599781,4174,4,0,0,0,0,0,70949,15002,34,KEPT,https://data.binance.vision/data/futures/um/daily/trades/BTCUSDT/BTCUSDT-trades-2026-01-10.zip,9fd9e0e33022ca9b5959f34cfaea42490d001033dbf6d95a000db92419d2f750,9fd9e0e33022ca9b5959f34cfaea42490d001033dbf6d95a000db92419d2f750,OK
2026-01-11,OK,1038354,4736,4,0,0,0,0,0,74274,32196,51,KEPT,https://data.binance.vision/data/futures/um/daily/trades/BTCUSDT/BTCUSDT-trades-2026-01-11.zip,0e28a23440a2b99e28846cddb3250c7814034bad3c87893dbce3635a2bda9391,0e28a23440a2b99e28846cddb3250c7814034bad3c87893dbce3635a2bda9391,OK
2026-01-12,OK,3781380,8798,4,0,0,0,0,0,83687,144708,91,KEPT,https://data.binance.vision/data/futures/um/daily/trades/BTCUSDT/BTCUSDT-trades-2026-01-12.zip,6fe56e92f3e3ae0a4fa0c4ad7caca70f37ca1f6ba5eb5636875ec98c993b22f9,6fe56e92f3e3ae0a4fa0c4ad7caca70f37ca1f6ba5eb5636875ec98c993b22f9,OK
2026-01-13,OK,4318052,9306,7,0,0,0,0,0,83392,159581,45,KEPT,https://data.binance.vision/data/futures/um/daily/trades/BTCUSDT/BTCUSDT-trades-2026-01-13.zip,eb9a1f3e76334a9c43e61b547fe64ec6a495045c287328281132befad94284a3,eb9a1f3e76334a9c43e61b547fe64ec6a495045c287328281132befad94284a3,OK
2026-01-14,OK,4348837,8643,5,0,0,0,0,0,85067,159412,117,KEPT,https://data.binance.vision/data/futures/um/daily/trades/BTCUSDT/BTCUSDT-trades-2026-01-14.zip,99564fc93499b7fdb21e112da9d7b6a2e128ef172d4afb917672859d6e68d115,99564fc93499b7fdb21e112da9d7b6a2e128ef172d4afb917672859d6e68d115,OK
2026-01-15,OK,3798595,7650,4,0,0,0,0,0,84747,145540,109,KEPT,https://data.binance.vision/data/futures/um/daily/trades/BTCUSDT/BTCUSDT-trades-2026-01-15.zip,adde2d85e33a1e79cf47140e6369d8e2c440c580376bf20946f67a286ef99bff,adde2d85e33a1e79cf47140e6369d8e2c440c580376bf20946f67a286ef99bff,OK
2026-01-16,OK,2400899,7141,4,0,0,0,0,0,82065,89647,92,KEPT,https://data.binance.vision/data/futures/um/daily/trades/BTCUSDT/BTCUSDT-trades-2026-01-16.zip,c6885c61642334d4e8dac2973e7b1e34462d18230f76beed135a9cf917f76d7d,c6885c61642334d4e8dac2973e7b1e34462d18230f76beed135a9cf917f76d7d,OK
2026-01-17,OK,818622,4602,4,0,0,0,0,0,74640,19405,39,KEPT,https://data.binance.vision/data/futures/um/daily/trades/BTCUSDT/BTCUSDT-trades-2026-01-17.zip,02bf0bf1e9c470a2fd68af997794fcca38d900bb2baa370111ee864225e7370d,02bf0bf1e9c470a2fd68af997794fcca38d900bb2baa370111ee864225e7370d,OK
2026-01-18,OK,1329656,4297,4,0,0,0,0,0,74963,36874,71,KEPT,https://data.binance.vision/data/futures/um/daily/trades/BTCUSDT/BTCUSDT-trades-2026-01-18.zip,1b753bf277ab5c0b0fc78ef5ee804f924eb624290684907036ffb3b4ac1b2da0,1b753bf277ab5c0b0fc78ef5ee804f924eb624290684907036ffb3b4ac1b2da0,OK
2026-01-19,OK,2825417,6144,4,0,0,0,0,0,80919,108832,74,KEPT,https://data.binance.vision/data/futures/um/daily/trades/BTCUSDT/BTCUSDT-trades-2026-01-19.zip,c0e8ff2fbf6419c4305d4f244b5b1928facbece73891468c44fb34160c42ce9a,c0e8ff2fbf6419c4305d4f244b5b1928facbece73891468c44fb34160c42ce9a,OK
2026-01-20,OK,4631114,8293,14,0,0,0,0,0,84047,185698,59,KEPT,https://data.binance.vision/data/futures/um/daily/trades/BTCUSDT/BTCUSDT-trades-2026-01-20.zip,eeed024c3f5fddc420a42bf1f558c8c98de7a0f5c5571f38a788472a21bd58f7,eeed024c3f5fddc420a42bf1f558c8c98de7a0f5c5571f38a788472a21bd58f7,OK
2026-01-21,OK,5516402,8106,4,0,0,0,0,0,84562,240283,132,KEPT,https://data.binance.vision/data/futures/um/daily/trades/BTCUSDT/BTCUSDT-trades-2026-01-21.zip,6cfbeaf7dd1e5fa8180d28a0a29b5821e1828758ce2d774dc67f6b085d903440,6cfbeaf7dd1e5fa8180d28a0a29b5821e1828758ce2d774dc67f6b085d903440,OK
2026-01-22,OK,3188240,6156,4,0,0,0,0,0,80947,142659,95,KEPT,https://data.binance.vision/data/futures/um/daily/trades/BTCUSDT/BTCUSDT-trades-2026-01-22.zip,e5f8cfae975ec50d19079f04c479e692563ac712d8dbd9479b39f809e2d8a059,e5f8cfae975ec50d19079f04c479e692563ac712d8dbd9479b39f809e2d8a059,OK
2026-01-23,OK,3316867,6591,4,0,0,0,0,0,80697,136676,122,KEPT,https://data.binance.vision/data/futures/um/daily/trades/BTCUSDT/BTCUSDT-trades-2026-01-23.zip,13f0836de3e83babbbab116b84bdd99565f887f5dab5eba90fb62b136cf31ec1,13f0836de3e83babbbab116b84bdd99565f887f5dab5eba90fb62b136cf31ec1,OK
2026-01-24,OK,704903,3696,5,0,0,0,0,0,67332,17020,42,KEPT,https://data.binance.vision/data/futures/um/daily/trades/BTCUSDT/BTCUSDT-trades-2026-01-24.zip,32de05b9c5bff2e9bcc597576c958b9f25335b1bddea572fb843c8e98f4272a0,32de05b9c5bff2e9bcc597576c958b9f25335b1bddea572fb843c8e98f4272a0,OK
2026-01-25,OK,2890811,6122,4,0,0,0,0,0,80169,110167,26,KEPT,https://data.binance.vision/data/futures/um/daily/trades/BTCUSDT/BTCUSDT-trades-2026-01-25.zip,1a4474b18308b70e3997864a05a24f8fa4b721b970dae9b05bec97ea65d04a18,1a4474b18308b70e3997864a05a24f8fa4b721b970dae9b05bec97ea65d04a18,OK
2026-01-26,OK,3655855,7403,4,0,0,0,0,0,82585,144808,48,KEPT,https://data.binance.vision/data/futures/um/daily/trades/BTCUSDT/BTCUSDT-trades-2026-01-26.zip,18c12dc6dffe5a36a18b96e217a3662fbaed5f1bf558df6b0c54927d6beae063,18c12dc6dffe5a36a18b96e217a3662fbaed5f1bf558df6b0c54927d6beae063,OK
2026-01-27,OK,3132674,6492,5,0,0,0,0,0,82868,125500,125,KEPT,https://data.binance.vision/data/futures/um/daily/trades/BTCUSDT/BTCUSDT-trades-2026-01-27.zip,2d4db5facee595bf38199eac74a256c331021530a36f03a02c0af9455ad44ac7,2d4db5facee595bf38199eac74a256c331021530a36f03a02c0af9455ad44ac7,OK
2026-01-28,OK,3491891,5869,4,0,0,0,0,0,81265,150208,132,KEPT,https://data.binance.vision/data/futures/um/daily/trades/BTCUSDT/BTCUSDT-trades-2026-01-28.zip,a922c4589dbb5bd4f5ee6a38e89d1982688b46b795a271365bcf36c671bc21d6,a922c4589dbb5bd4f5ee6a38e89d1982688b46b795a271365bcf36c671bc21d6,OK
2026-01-29,OK,5246087,6508,4,0,0,0,0,0,82841,195554,28,KEPT,https://data.binance.vision/data/futures/um/daily/trades/BTCUSDT/BTCUSDT-trades-2026-01-29.zip,81e619eee8ce66dbd6d5c6f790904b5eacc567e5222aac87a60d0f3369e95069,81e619eee8ce66dbd6d5c6f790904b5eacc567e5222aac87a60d0f3369e95069,OK
2026-01-30,OK,7256441,8559,12,0,0,0,0,0,85179,354262,111,KEPT,https://data.binance.vision/data/futures/um/daily/trades/BTCUSDT/BTCUSDT-trades-2026-01-30.zip,7b9c59002e07484085adbebaff94d25d94021cf128743cbe7418ec43d115c321,7b9c59002e07484085adbebaff94d25d94021cf128743cbe7418ec43d115c321,OK
2026-01-31,OK,7438979,9263,26,0,0,0,0,0,83021,375483,20,KEPT,https://data.binance.vision/data/futures/um/daily/trades/BTCUSDT/BTCUSDT-trades-2026-01-31.zip,1e6556618a2f43ea2adf84b7b2659c6d7af3cf5aa4ca2528407cd4ba46c4a6fa,1e6556618a2f43ea2adf84b7b2659c6d7af3cf5aa4ca2528407cd4ba46c4a6fa,OK
2026-02-01,OK,6762058,5346,4,0,0,0,0,0,84614,352130,87,KEPT,https://data.binance.vision/data/futures/um/daily/trades/BTCUSDT/BTCUSDT-trades-2026-02-01.zip,e115077cb7cf100b4127f6b27de1cbab54581564d0fed187cd7068aa64558310,e115077cb7cf100b4127f6b27de1cbab54581564d0fed187cd7068aa64558310,OK
2026-02-02,OK,10356254,6494,4,0,0,0,0,0,85364,560738,148,KEPT,https://data.binance.vision/data/futures/um/daily/trades/BTCUSDT/BTCUSDT-trades-2026-02-02.zip,da17fb3b6124fb9b0d1862bb7dcee69b98374458a6ae7474e959c6660b73bf63,da17fb3b6124fb9b0d1862bb7dcee69b98374458a6ae7474e959c6660b73bf63,OK
2026-02-03,OK,8904271,6448,3,0,0,0,0,0,84887,432520,115,KEPT,https://data.binance.vision/data/futures/um/daily/trades/BTCUSDT/BTCUSDT-trades-2026-02-03.zip,302497ab4b622a94e56f21011982f02367d96b1302f79fde55b6e0a12c2c98e7,302497ab4b622a94e56f21011982f02367d96b1302f79fde55b6e0a12c2c98e7,OK
2026-02-04,OK,9146258,7209,4,0,0,0,0,0,84801,471957,124,KEPT,https://data.binance.vision/data/futures/um/daily/trades/BTCUSDT/BTCUSDT-trades-2026-02-04.zip,20f7b4b25acc13ef054361d8e89cfad2415f2b279a6a5bcda9901d9bce12ef70,20f7b4b25acc13ef054361d8e89cfad2415f2b279a6a5bcda9901d9bce12ef70,OK
2026-02-05,OK,19581560,9881,4,0,0,0,0,0,86324,1024070,41,KEPT,https://data.binance.vision/data/futures/um/daily/trades/BTCUSDT/BTCUSDT-trades-2026-02-05.zip,6b975b5429a24456c243038ea0a76a572293caa7daa39865a6d65af6d14025b4,6b975b5429a24456c243038ea0a76a572293caa7daa39865a6d65af6d14025b4,OK
2026-02-06,OK,16332904,9279,5,0,0,0,0,0,86331,837928,21,KEPT,https://data.binance.vision/data/futures/um/daily/trades/BTCUSDT/BTCUSDT-trades-2026-02-06.zip,43855d1b9b70efc2475c24e1a76ee7f82ed20c37030045f53075aea79d335430,43855d1b9b70efc2475c24e1a76ee7f82ed20c37030045f53075aea79d335430,OK
2026-02-07,OK,8784245,6949,4,0,0,0,0,0,84741,409389,106,KEPT,https://data.binance.vision/data/futures/um/daily/trades/BTCUSDT/BTCUSDT-trades-2026-02-07.zip,05a320497e7a55b3101e1768929a20cb2ea23b4f14a51cb29a1de322c98ab119,05a320497e7a55b3101e1768929a20cb2ea23b4f14a51cb29a1de322c98ab119,OK
2026-02-08,OK,5758737,5387,4,0,0,0,0,0,83718,247985,42,KEPT,https://data.binance.vision/data/futures/um/daily/trades/BTCUSDT/BTCUSDT-trades-2026-02-08.zip,78eafd7c32c167320e482079962eb801480060327f6daa3d2be8f2f84a38b63b,78eafd7c32c167320e482079962eb801480060327f6daa3d2be8f2f84a38b63b,OK
2026-02-09,OK,8000547,4902,3,0,0,0,0,0,85192,376300,143,KEPT,https://data.binance.vision/data/futures/um/daily/trades/BTCUSDT/BTCUSDT-trades-2026-02-09.zip,ba3901d8fb1447de698c3cef577f8d43b22ab0236554fdb6f73cdfad6c5d14c1,ba3901d8fb1447de698c3cef577f8d43b22ab0236554fdb6f73cdfad6c5d14c1,OK
2026-02-10,OK,6235581,5539,3,0,0,0,0,0,84201,294785,76,KEPT,https://data.binance.vision/data/futures/um/daily/trades/BTCUSDT/BTCUSDT-trades-2026-02-10.zip,2ca6c22c0e868c69286abcad9c1034cdb949cb61aee7afc0f3d67f03752b00b7,2ca6c22c0e868c69286abcad9c1034cdb949cb61aee7afc0f3d67f03752b00b7,OK
2026-02-11,OK,8361548,6453,3,0,0,0,0,0,85028,402987,59,KEPT,https://data.binance.vision/data/futures/um/daily/trades/BTCUSDT/BTCUSDT-trades-2026-02-11.zip,b039690fc674ea3eec14b387fbcba607f32f3831e40c4441fe132882f1eecdea,b039690fc674ea3eec14b387fbcba607f32f3831e40c4441fe132882f1eecdea,OK
2026-02-12,OK,6480832,5536,3,0,0,0,0,0,84891,332739,114,KEPT,https://data.binance.vision/data/futures/um/daily/trades/BTCUSDT/BTCUSDT-trades-2026-02-12.zip,26e7c804864bed33bf470f01c4fb46d2caed1bfb064e2535831dade12168b786,26e7c804864bed33bf470f01c4fb46d2caed1bfb064e2535831dade12168b786,OK
2026-02-13,OK,5506424,5178,3,0,0,0,0,0,84802,275513,79,KEPT,https://data.binance.vision/data/futures/um/daily/trades/BTCUSDT/BTCUSDT-trades-2026-02-13.zip,99ade323355ebc94c86c4217c81a2607d63b6c3344155b52feccb1a3782cb4bb,99ade323355ebc94c86c4217c81a2607d63b6c3344155b52feccb1a3782cb4bb,OK
2026-02-14,OK,3101501,4760,4,0,0,0,0,0,80930,116549,28,KEPT,https://data.binance.vision/data/futures/um/daily/trades/BTCUSDT/BTCUSDT-trades-2026-02-14.zip,a52ac075f2397eec33928b31a30120a06770855a4a57ae7cae24ded0ca8b5206,a52ac075f2397eec33928b31a30120a06770855a4a57ae7cae24ded0ca8b5206,OK
2026-02-15,OK,4131070,4813,4,0,0,0,0,0,83285,167263,64,KEPT,https://data.binance.vision/data/futures/um/daily/trades/BTCUSDT/BTCUSDT-trades-2026-02-15.zip,071208911660748c2e5d415dc4ce5a098430278fccef1c5e9ced24a7e94c8003,071208911660748c2e5d415dc4ce5a098430278fccef1c5e9ced24a7e94c8003,OK
2026-02-16,OK,4281080,4926,4,0,0,0,0,0,82559,178202,103,KEPT,https://data.binance.vision/data/futures/um/daily/trades/BTCUSDT/BTCUSDT-trades-2026-02-16.zip,f0c19392d92c825bf769a092f3c664580d8f9d25cb1bab2b34d929231301fdb1,f0c19392d92c825bf769a092f3c664580d8f9d25cb1bab2b34d929231301fdb1,OK
2026-02-17,OK,4735651,4864,3,0,0,0,0,0,82264,214163,78,KEPT,https://data.binance.vision/data/futures/um/daily/trades/BTCUSDT/BTCUSDT-trades-2026-02-17.zip,d28f42e4c81dff0f6c4c42bb5c3a7ae9cb5b49052cc8fa297f985dd30600f3b2,d28f42e4c81dff0f6c4c42bb5c3a7ae9cb5b49052cc8fa297f985dd30600f3b2,OK
2026-02-18,OK,4414934,4737,3,0,0,0,0,0,83024,185887,113,KEPT,https://data.binance.vision/data/futures/um/daily/trades/BTCUSDT/BTCUSDT-trades-2026-02-18.zip,f563a46169257206d18665ed86bf0c631d8b4399e2c10daec5c7846270ba06b3,f563a46169257206d18665ed86bf0c631d8b4399e2c10daec5c7846270ba06b3,OK
2026-02-19,OK,4243601,4783,3,0,0,0,0,0,82486,174513,125,KEPT,https://data.binance.vision/data/futures/um/daily/trades/BTCUSDT/BTCUSDT-trades-2026-02-19.zip,5957cf359fb2322f5dd2c25375fafe2f509052340f988c5865ead2429bdd4ad7,5957cf359fb2322f5dd2c25375fafe2f509052340f988c5865ead2429bdd4ad7,OK
2026-02-20,OK,5164151,5688,3,0,0,0,0,0,83069,203122,164,KEPT,https://data.binance.vision/data/futures/um/daily/trades/BTCUSDT/BTCUSDT-trades-2026-02-20.zip,99278c36d779477c231640278b9c871ae8cbb0cdaee7b245ccc9735e3656d339,99278c36d779477c231640278b9c871ae8cbb0cdaee7b245ccc9735e3656d339,OK
2026-02-21,OK,1846629,4916,4,0,0,0,0,0,78721,53769,66,KEPT,https://data.binance.vision/data/futures/um/daily/trades/BTCUSDT/BTCUSDT-trades-2026-02-21.zip,ed07a5f4c1ce525ac6a292a57d7d82351b3d23b85af06afe65d2770e6eca9e15,ed07a5f4c1ce525ac6a292a57d7d82351b3d23b85af06afe65d2770e6eca9e15,OK
2026-02-22,OK,1863706,4350,6,0,0,0,0,0,77495,54506,65,KEPT,https://data.binance.vision/data/futures/um/daily/trades/BTCUSDT/BTCUSDT-trades-2026-02-22.zip,1ec57c15090bfa259c70229a3dde931bd670cdae9a4bd5c46b5a472221d171ae,1ec57c15090bfa259c70229a3dde931bd670cdae9a4bd5c46b5a472221d171ae,OK
2026-02-23,OK,6630619,7124,4,0,0,0,0,0,85437,258074,27,KEPT,https://data.binance.vision/data/futures/um/daily/trades/BTCUSDT/BTCUSDT-trades-2026-02-23.zip,ffec241c40f790c993af80508eae25cdd754fc3317f7a84499e0605730b5e7e8,ffec241c40f790c993af80508eae25cdd754fc3317f7a84499e0605730b5e7e8,OK
2026-02-24,OK,5758456,6800,5,0,0,0,0,0,84690,251130,65,KEPT,https://data.binance.vision/data/futures/um/daily/trades/BTCUSDT/BTCUSDT-trades-2026-02-24.zip,314725400c7d8f7e2697286304c8647c96f872e9870ad57a545743fcec0a6dbe,314725400c7d8f7e2697286304c8647c96f872e9870ad57a545743fcec0a6dbe,OK
2026-02-25,OK,6996840,6453,3,0,0,0,0,0,85401,291053,6,KEPT,https://data.binance.vision/data/futures/um/daily/trades/BTCUSDT/BTCUSDT-trades-2026-02-25.zip,7072539d894c466a5848587c809115fb68ed6e78904babd17b19c602a72261c8,7072539d894c466a5848587c809115fb68ed6e78904babd17b19c602a72261c8,OK
2026-02-26,OK,5337568,5414,3,0,0,0,0,0,84156,246940,148,KEPT,https://data.binance.vision/data/futures/um/daily/trades/BTCUSDT/BTCUSDT-trades-2026-02-26.zip,c10bd0daf8e2cbfc5851bb5f102f5d46c9d435fcd9060490c95738f9565c9ede,c10bd0daf8e2cbfc5851bb5f102f5d46c9d435fcd9060490c95738f9565c9ede,OK
2026-02-27,OK,5402389,6362,4,0,0,0,0,0,84564,235013,105,KEPT,https://data.binance.vision/data/futures/um/daily/trades/BTCUSDT/BTCUSDT-trades-2026-02-27.zip,efb692d59ff56c2ef8c1ba1f14b94e7d88873f6305a13fe93588c0d48ec9be30,efb692d59ff56c2ef8c1ba1f14b94e7d88873f6305a13fe93588c0d48ec9be30,OK
2026-02-28,OK,6409763,5243,3,0,0,0,0,0,83987,266355,74,KEPT,https://data.binance.vision/data/futures/um/daily/trades/BTCUSDT/BTCUSDT-trades-2026-02-28.zip,16113175be60999fc56d767df80b4ed011cc3310aed47f380b47199ab61a7b50,16113175be60999fc56d767df80b4ed011cc3310aed47f380b47199ab61a7b50,OK
2026-03-01,OK,5961363,4942,4,0,0,0,0,0,84850,237244,151,KEPT,https://data.binance.vision/data/futures/um/daily/trades/BTCUSDT/BTCUSDT-trades-2026-03-01.zip,76cffc39c1f9afb5b868cb697211330e0e9b4ee8d6e10e26dfb21679c515ade5,76cffc39c1f9afb5b868cb697211330e0e9b4ee8d6e10e26dfb21679c515ade5,OK
2026-03-02,OK,7594400,6103,3,0,0,0,0,0,85420,347835,158,KEPT,https://data.binance.vision/data/futures/um/daily/trades/BTCUSDT/BTCUSDT-trades-2026-03-02.zip,5d047daf7aabe83f62683370a0da2a8db2ede3b0f5f917f01577a9a8490a615a,5d047daf7aabe83f62683370a0da2a8db2ede3b0f5f917f01577a9a8490a615a,OK
2026-03-03,OK,7256084,6225,3,0,0,0,0,0,85382,338022,132,KEPT,https://data.binance.vision/data/futures/um/daily/trades/BTCUSDT/BTCUSDT-trades-2026-03-03.zip,7db2132e7b06f6673f1c197193884fbccb40ccf2de3b1a91d7f1429540f6aaa6,7db2132e7b06f6673f1c197193884fbccb40ccf2de3b1a91d7f1429540f6aaa6,OK
2026-03-04,OK,9113296,7245,4,0,0,0,0,0,85828,367193,80,KEPT,https://data.binance.vision/data/futures/um/daily/trades/BTCUSDT/BTCUSDT-trades-2026-03-04.zip,70c165c05b9484e39dc564032c2053f21334c0dba3e760139ed864b53c5a9253,70c165c05b9484e39dc564032c2053f21334c0dba3e760139ed864b53c5a9253,OK
2026-03-05,OK,6208035,7626,4,0,0,0,0,0,85283,284997,131,KEPT,https://data.binance.vision/data/futures/um/daily/trades/BTCUSDT/BTCUSDT-trades-2026-03-05.zip,4f1e74e56a8477efdc757995b6288bb4fb3c53a3bc0339e353a707531851a858,4f1e74e56a8477efdc757995b6288bb4fb3c53a3bc0339e353a707531851a858,OK
2026-03-06,OK,5538756,7630,4,0,0,0,0,0,84866,253467,111,KEPT,https://data.binance.vision/data/futures/um/daily/trades/BTCUSDT/BTCUSDT-trades-2026-03-06.zip,dbeee84c494b749495b3dc8eb2f91cbe8a6ead75ebb0f3157647079fb9625071,dbeee84c494b749495b3dc8eb2f91cbe8a6ead75ebb0f3157647079fb9625071,OK
2026-03-07,OK,2310757,4952,4,0,0,0,0,0,81852,80903,58,KEPT,https://data.binance.vision/data/futures/um/daily/trades/BTCUSDT/BTCUSDT-trades-2026-03-07.zip,72db43ca7afed35e6d2c3af6c0e78b1c69d2e7db87094771b7955b52657c9905,72db43ca7afed35e6d2c3af6c0e78b1c69d2e7db87094771b7955b52657c9905,OK
2026-03-08,OK,3935975,4675,4,0,0,0,0,0,83441,153304,115,KEPT,https://data.binance.vision/data/futures/um/daily/trades/BTCUSDT/BTCUSDT-trades-2026-03-08.zip,122acfd1f499bdb835f44e2f27ba9e2105111d0727149ff9825c72ae9d6c063c,122acfd1f499bdb835f44e2f27ba9e2105111d0727149ff9825c72ae9d6c063c,OK
2026-03-09,OK,6402136,5373,3,0,0,0,0,0,85091,291636,88,KEPT,https://data.binance.vision/data/futures/um/daily/trades/BTCUSDT/BTCUSDT-trades-2026-03-09.zip,31e8da70c149b3fb57af7e90e4ed4b32948f914aaffd9168102f2f51c28c3ebe,31e8da70c149b3fb57af7e90e4ed4b32948f914aaffd9168102f2f51c28c3ebe,OK
2026-03-10,OK,6447895,5657,3,0,0,0,0,0,85757,277194,68,KEPT,https://data.binance.vision/data/futures/um/daily/trades/BTCUSDT/BTCUSDT-trades-2026-03-10.zip,b71ecb381a7a7b533d3b289a4ae8f63c53a706f4e98f0e7dc5e2ba31804982ca,b71ecb381a7a7b533d3b289a4ae8f63c53a706f4e98f0e7dc5e2ba31804982ca,OK
2026-03-11,OK,5153969,10692,6,0,0,0,0,0,84044,222434,154,KEPT,https://data.binance.vision/data/futures/um/daily/trades/BTCUSDT/BTCUSDT-trades-2026-03-11.zip,55e463a6102519121f17f1ff01331b7469da2fbdc5ccbea437b02be126fa5bf9,55e463a6102519121f17f1ff01331b7469da2fbdc5ccbea437b02be126fa5bf9,OK
2026-03-12,OK,5027652,6257,4,0,0,0,0,0,84396,212633,160,KEPT,https://data.binance.vision/data/futures/um/daily/trades/BTCUSDT/BTCUSDT-trades-2026-03-12.zip,05693feb811f3ce6addd57f5ec5e86e4b09340f4735f07acea3dd0ff3ce1a484,05693feb811f3ce6addd57f5ec5e86e4b09340f4735f07acea3dd0ff3ce1a484,OK
2026-03-13,OK,6412789,6283,3,0,0,0,0,0,85321,243006,93,KEPT,https://data.binance.vision/data/futures/um/daily/trades/BTCUSDT/BTCUSDT-trades-2026-03-13.zip,5f9a6f1c961a808380ca4d80c14d7825f7bfb95d8bbcf5c2f7b59a25ca16d511,5f9a6f1c961a808380ca4d80c14d7825f7bfb95d8bbcf5c2f7b59a25ca16d511,OK
2026-03-14,OK,1886463,3629,4,0,0,0,0,0,80201,56371,98,KEPT,https://data.binance.vision/data/futures/um/daily/trades/BTCUSDT/BTCUSDT-trades-2026-03-14.zip,de3ee6bdb422ddfec639ffdf719b27298806db857cb34e45f4efeaedcda0f453,de3ee6bdb422ddfec639ffdf719b27298806db857cb34e45f4efeaedcda0f453,OK
2026-03-15,OK,3045577,4405,3,0,0,0,0,0,82687,102090,66,KEPT,https://data.binance.vision/data/futures/um/daily/trades/BTCUSDT/BTCUSDT-trades-2026-03-15.zip,5de4a1a1d60324b337dd18d8dcc60226995b2d59c4346cd4e22cc9b9e13b40b5,5de4a1a1d60324b337dd18d8dcc60226995b2d59c4346cd4e22cc9b9e13b40b5,OK
2026-03-16,OK,6268523,5715,3,0,0,0,0,0,85805,227190,99,KEPT,https://data.binance.vision/data/futures/um/daily/trades/BTCUSDT/BTCUSDT-trades-2026-03-16.zip,ffab8d448ac10aaba1a85d58a6e49a7fd96881a227da629f458599be0d20ed2d,ffab8d448ac10aaba1a85d58a6e49a7fd96881a227da629f458599be0d20ed2d,OK
2026-03-17,OK,5479878,5968,3,0,0,0,0,0,85136,205298,93,KEPT,https://data.binance.vision/data/futures/um/daily/trades/BTCUSDT/BTCUSDT-trades-2026-03-17.zip,d8289eb933768a80e135820d21d194970159449396d1612f0dff572145a89a1b,d8289eb933768a80e135820d21d194970159449396d1612f0dff572145a89a1b,OK
2026-03-18,OK,5356124,5715,3,0,0,0,0,0,84773,201552,105,KEPT,https://data.binance.vision/data/futures/um/daily/trades/BTCUSDT/BTCUSDT-trades-2026-03-18.zip,773a4d274e894e39bf60bf3dd4f83490ee5c012cb38d47ec0eadee806a4abbfc,773a4d274e894e39bf60bf3dd4f83490ee5c012cb38d47ec0eadee806a4abbfc,OK
2026-03-19,OK,5571163,5813,4,0,0,0,0,0,84887,222251,88,KEPT,https://data.binance.vision/data/futures/um/daily/trades/BTCUSDT/BTCUSDT-trades-2026-03-19.zip,95a78783b6764098e8c6408bb3d05ef772c06580edb676b219c47b839d6299b1,95a78783b6764098e8c6408bb3d05ef772c06580edb676b219c47b839d6299b1,OK
2026-03-20,OK,4888724,4893,3,0,0,0,0,0,84691,195298,135,KEPT,https://data.binance.vision/data/futures/um/daily/trades/BTCUSDT/BTCUSDT-trades-2026-03-20.zip,2062ae04e3e8103513077bd3beddc0440e6c4fe492b1c01e10ec82f86e8e20dd,2062ae04e3e8103513077bd3beddc0440e6c4fe492b1c01e10ec82f86e8e20dd,OK
2026-03-21,OK,1878597,4375,4,0,0,0,0,0,76679,58305,68,KEPT,https://data.binance.vision/data/futures/um/daily/trades/BTCUSDT/BTCUSDT-trades-2026-03-21.zip,3c7f48329e239ecefb84980a57d57c1bc06dbb4a1f5526bc5d83b923cfc0308e,3c7f48329e239ecefb84980a57d57c1bc06dbb4a1f5526bc5d83b923cfc0308e,OK
2026-03-22,OK,3656404,3865,3,0,0,0,0,0,83942,141764,115,KEPT,https://data.binance.vision/data/futures/um/daily/trades/BTCUSDT/BTCUSDT-trades-2026-03-22.zip,a027cb6e4217c0804667e842708f713480bcdc9b97665177520a3f6fa0bfacab,a027cb6e4217c0804667e842708f713480bcdc9b97665177520a3f6fa0bfacab,OK
2026-03-23,OK,7419964,5209,3,0,0,0,0,0,84744,328760,99,KEPT,https://data.binance.vision/data/futures/um/daily/trades/BTCUSDT/BTCUSDT-trades-2026-03-23.zip,245ae6215765a61b3d631850adb5e2a8c473d1b5049cf66833087939cf857777,245ae6215765a61b3d631850adb5e2a8c473d1b5049cf66833087939cf857777,OK
2026-03-24,OK,4920785,4961,3,0,0,0,0,0,84449,204763,108,KEPT,https://data.binance.vision/data/futures/um/daily/trades/BTCUSDT/BTCUSDT-trades-2026-03-24.zip,f283c36eda5508758618d6be16107b3af8bcd7ef723c6d694b264b83f80ec3a0,f283c36eda5508758618d6be16107b3af8bcd7ef723c6d694b264b83f80ec3a0,OK
2026-03-25,OK,4276151,5801,4,0,0,0,0,0,83706,149471,139,KEPT,https://data.binance.vision/data/futures/um/daily/trades/BTCUSDT/BTCUSDT-trades-2026-03-25.zip,074746637610e02a15224431acbd3f8bde7f23f70fafd87f9243c567fdb2d695,074746637610e02a15224431acbd3f8bde7f23f70fafd87f9243c567fdb2d695,OK
2026-03-26,OK,4295874,6356,4,0,0,0,0,0,83763,158673,39,KEPT,https://data.binance.vision/data/futures/um/daily/trades/BTCUSDT/BTCUSDT-trades-2026-03-26.zip,aee6a7b094a5a47400322a0514c4ca8a7188897ba634c03deea7ed7d13503b6a,aee6a7b094a5a47400322a0514c4ca8a7188897ba634c03deea7ed7d13503b6a,OK
2026-03-27,OK,4882340,6412,15,0,0,0,0,0,83646,171355,108,KEPT,https://data.binance.vision/data/futures/um/daily/trades/BTCUSDT/BTCUSDT-trades-2026-03-27.zip,5ed49de2f54b89da8cc93371cba54d04ef05ad85fffbeb49537d43413f05eec0,5ed49de2f54b89da8cc93371cba54d04ef05ad85fffbeb49537d43413f05eec0,OK
2026-03-28,OK,1936311,4920,5,0,0,0,0,0,79592,57184,72,KEPT,https://data.binance.vision/data/futures/um/daily/trades/BTCUSDT/BTCUSDT-trades-2026-03-28.zip,8f41d2e8c0df38b7ba2bdb4a05aeaec444aaafdfd2d383ed48c4031bf5487b9b,8f41d2e8c0df38b7ba2bdb4a05aeaec444aaafdfd2d383ed48c4031bf5487b9b,OK
2026-03-29,OK,2569247,4302,5,0,0,0,0,0,78847,90253,91,KEPT,https://data.binance.vision/data/futures/um/daily/trades/BTCUSDT/BTCUSDT-trades-2026-03-29.zip,2c0ad43ef55b5663ecc4d77fd6ae7247ce476aed826838fcb20bad8a1cbc6eff,2c0ad43ef55b5663ecc4d77fd6ae7247ce476aed826838fcb20bad8a1cbc6eff,OK
2026-03-30,OK,4757179,6555,3,0,0,0,0,0,84021,184797,105,KEPT,https://data.binance.vision/data/futures/um/daily/trades/BTCUSDT/BTCUSDT-trades-2026-03-30.zip,12be17c71a5045af49ff7bc327d130f803ec9f2888bf1922b5b0280f94026861,12be17c71a5045af49ff7bc327d130f803ec9f2888bf1922b5b0280f94026861,OK
2026-03-31,OK,5862363,6345,3,0,0,0,0,0,84853,216108,126,KEPT,https://data.binance.vision/data/futures/um/daily/trades/BTCUSDT/BTCUSDT-trades-2026-03-31.zip,05e922efdd8ce0a47c1da8820b02a6bf58348a88031f9f3e48aec248e4049892,05e922efdd8ce0a47c1da8820b02a6bf58348a88031f9f3e48aec248e4049892,OK
2026-04-01,OK,4106767,5937,5,0,0,0,0,0,83725,160473,134,KEPT,https://data.binance.vision/data/futures/um/daily/trades/BTCUSDT/BTCUSDT-trades-2026-04-01.zip,0c343d8000bd314887ff0ee87f2f59ca86b6c10ab88a8057adb47e5ecbea34e0,0c343d8000bd314887ff0ee87f2f59ca86b6c10ab88a8057adb47e5ecbea34e0,OK
2026-04-02,OK,4638638,5772,4,0,0,0,0,0,83246,184583,6,KEPT,https://data.binance.vision/data/futures/um/daily/trades/BTCUSDT/BTCUSDT-trades-2026-04-02.zip,ad3dbb0be652f2b113f45fc9ad2bfaca468fa3723027e0c3d9b80a5833eb09b3,ad3dbb0be652f2b113f45fc9ad2bfaca468fa3723027e0c3d9b80a5833eb09b3,OK
2026-04-03,OK,1992751,4647,5,0,0,0,0,0,77937,75317,83,KEPT,https://data.binance.vision/data/futures/um/daily/trades/BTCUSDT/BTCUSDT-trades-2026-04-03.zip,4e6eb90e0a564fabafdd8f54c9a5b82a18da49d5995fdeb06ced3548f25ed06b,4e6eb90e0a564fabafdd8f54c9a5b82a18da49d5995fdeb06ced3548f25ed06b,OK
2026-04-04,OK,974725,3727,5,0,0,0,0,0,70867,25517,51,KEPT,https://data.binance.vision/data/futures/um/daily/trades/BTCUSDT/BTCUSDT-trades-2026-04-04.zip,1b165093720439afe8b89d959030f00299d1e1eaf4262b79b9fb87a480c3e083,1b165093720439afe8b89d959030f00299d1e1eaf4262b79b9fb87a480c3e083,OK
2026-04-05,OK,2094751,4874,4,0,0,0,0,0,77488,65552,87,KEPT,https://data.binance.vision/data/futures/um/daily/trades/BTCUSDT/BTCUSDT-trades-2026-04-05.zip,470f9404adaf9e9088b82f104ae4137b7c0dd1583673e0b80b0d41531b2e241a,470f9404adaf9e9088b82f104ae4137b7c0dd1583673e0b80b0d41531b2e241a,OK
2026-04-06,OK,4113878,6221,3,0,0,0,0,0,84144,150680,121,KEPT,https://data.binance.vision/data/futures/um/daily/trades/BTCUSDT/BTCUSDT-trades-2026-04-06.zip,5d4c043f6b01d74910bf9ff4083d8ae4e5f8be4eb82e21cd31aed4d89f2a170b,5d4c043f6b01d74910bf9ff4083d8ae4e5f8be4eb82e21cd31aed4d89f2a170b,OK
2026-04-07,OK,5373548,6263,4,0,0,0,0,0,84460,199759,130,KEPT,https://data.binance.vision/data/futures/um/daily/trades/BTCUSDT/BTCUSDT-trades-2026-04-07.zip,230a85b75c9eb3075552f9ea455cacdfa05083ea55a8860086a3fcd186d0d95a,230a85b75c9eb3075552f9ea455cacdfa05083ea55a8860086a3fcd186d0d95a,OK
2026-04-08,OK,4083755,7177,4,0,0,0,0,0,84118,146727,98,KEPT,https://data.binance.vision/data/futures/um/daily/trades/BTCUSDT/BTCUSDT-trades-2026-04-08.zip,0fc78f89a010564c9de8c7fb11c52e0d18f2e1b396e922b2f640decec57c0cbb,0fc78f89a010564c9de8c7fb11c52e0d18f2e1b396e922b2f640decec57c0cbb,OK
2026-04-09,OK,4240779,6828,4,0,0,0,0,0,84019,152767,89,KEPT,https://data.binance.vision/data/futures/um/daily/trades/BTCUSDT/BTCUSDT-trades-2026-04-09.zip,0b9c0dd3e8a927a44d5bb6688f15d82ae0966c074ff07c79dc704545b8cfa640,0b9c0dd3e8a927a44d5bb6688f15d82ae0966c074ff07c79dc704545b8cfa640,OK
2026-04-10,OK,3530906,6412,4,0,0,0,0,0,83744,124411,85,KEPT,https://data.binance.vision/data/futures/um/daily/trades/BTCUSDT/BTCUSDT-trades-2026-04-10.zip,46f963c62b9f43ac18d0b57a18fe92c82e1e30ae956e09fd1fcecb8b7dc00dfc,46f963c62b9f43ac18d0b57a18fe92c82e1e30ae956e09fd1fcecb8b7dc00dfc,OK
2026-04-11,OK,1757326,4985,4,0,0,0,0,0,79542,50901,95,KEPT,https://data.binance.vision/data/futures/um/daily/trades/BTCUSDT/BTCUSDT-trades-2026-04-11.zip,c34817fad79740c8eb345fb9774231dd304adcac33da5d74d7d0480e9ecc95c5,c34817fad79740c8eb345fb9774231dd304adcac33da5d74d7d0480e9ecc95c5,OK
2026-04-12,OK,2700369,4516,4,0,0,0,0,0,81567,88416,6,KEPT,https://data.binance.vision/data/futures/um/daily/trades/BTCUSDT/BTCUSDT-trades-2026-04-12.zip,c0bd139c477293dbf80c8bb62fa5198afb897ddd304eb661b85b9410a097bba8,c0bd139c477293dbf80c8bb62fa5198afb897ddd304eb661b85b9410a097bba8,OK
2026-04-13,OK,4357102,6488,4,0,0,0,0,0,83114,151024,85,KEPT,https://data.binance.vision/data/futures/um/daily/trades/BTCUSDT/BTCUSDT-trades-2026-04-13.zip,83d23806d0c6af663899c694e1f57e16bc30610eff158b0b403940a884cf730a,83d23806d0c6af663899c694e1f57e16bc30610eff158b0b403940a884cf730a,OK
2026-04-14,OK,4218005,5859,3,0,0,0,0,0,84874,133968,125,KEPT,https://data.binance.vision/data/futures/um/daily/trades/BTCUSDT/BTCUSDT-trades-2026-04-14.zip,fdfa2dea20e4180554928ef76c14c24721fc0b5977bd72c90357273b1ace5d22,fdfa2dea20e4180554928ef76c14c24721fc0b5977bd72c90357273b1ace5d22,OK
2026-04-15,OK,3436946,5647,4,0,0,0,0,0,84375,121914,174,KEPT,https://data.binance.vision/data/futures/um/daily/trades/BTCUSDT/BTCUSDT-trades-2026-04-15.zip,7ec22c089a2b4695d194df6e65ff16a3fb063f44f7efae70b8cfd0e09ea93872,7ec22c089a2b4695d194df6e65ff16a3fb063f44f7efae70b8cfd0e09ea93872,OK
2026-04-16,OK,4081084,5517,3,0,0,0,0,0,84134,141361,128,KEPT,https://data.binance.vision/data/futures/um/daily/trades/BTCUSDT/BTCUSDT-trades-2026-04-16.zip,d51f37574f5bc55f9977bef2250893c834d544347a33eec97023f5567c015cf4,d51f37574f5bc55f9977bef2250893c834d544347a33eec97023f5567c015cf4,OK
2026-04-17,OK,5543309,6404,3,0,0,0,0,0,83583,172909,59,KEPT,https://data.binance.vision/data/futures/um/daily/trades/BTCUSDT/BTCUSDT-trades-2026-04-17.zip,5a82dac9b93bb4a14537f89fb0b5c690b6f659c0bc4038e10f503b102ea7059a,5a82dac9b93bb4a14537f89fb0b5c690b6f659c0bc4038e10f503b102ea7059a,OK
2026-04-18,OK,2448295,6219,4,0,0,0,0,0,81576,65652,28,KEPT,https://data.binance.vision/data/futures/um/daily/trades/BTCUSDT/BTCUSDT-trades-2026-04-18.zip,1a9077ce5b827d32fd251bdc496ecf5349b6633f48663ce8b0cb9ece5438631d,1a9077ce5b827d32fd251bdc496ecf5349b6633f48663ce8b0cb9ece5438631d,OK
2026-04-19,OK,3539624,6444,5,0,0,0,0,0,83451,116122,85,KEPT,https://data.binance.vision/data/futures/um/daily/trades/BTCUSDT/BTCUSDT-trades-2026-04-19.zip,8c53ba92862964ba9055511a9c33e005d8ca3fb079e1b7262d0d6436f1f36347,8c53ba92862964ba9055511a9c33e005d8ca3fb079e1b7262d0d6436f1f36347,OK
2026-04-20,OK,4412505,7399,4,0,0,0,0,0,84851,166959,78,KEPT,https://data.binance.vision/data/futures/um/daily/trades/BTCUSDT/BTCUSDT-trades-2026-04-20.zip,1762834d7c7c3b28c0e154bb560915a5a9b8a50f678ee184ab79edba0bb21e40,1762834d7c7c3b28c0e154bb560915a5a9b8a50f678ee184ab79edba0bb21e40,OK
2026-04-21,OK,4536844,7527,3,0,0,0,0,0,84634,167467,167,KEPT,https://data.binance.vision/data/futures/um/daily/trades/BTCUSDT/BTCUSDT-trades-2026-04-21.zip,30fab20092d5508aad6980c86cd18a01e0bf0f4a8def978741a2873250dfa696,30fab20092d5508aad6980c86cd18a01e0bf0f4a8def978741a2873250dfa696,OK
2026-04-22,OK,4654803,6967,3,0,0,0,0,0,85181,144464,28,KEPT,https://data.binance.vision/data/futures/um/daily/trades/BTCUSDT/BTCUSDT-trades-2026-04-22.zip,56dd7e274f6f492dbe574ecfee144545ea3bfb2e5e63f7870c7dfb241ef9111b,56dd7e274f6f492dbe574ecfee144545ea3bfb2e5e63f7870c7dfb241ef9111b,OK
2026-04-23,OK,4384196,6589,4,0,0,0,0,0,84595,157515,145,KEPT,https://data.binance.vision/data/futures/um/daily/trades/BTCUSDT/BTCUSDT-trades-2026-04-23.zip,6fbe58f1497fed4d1e045653a511545ab8e6981e89cec1df360fb875986d471b,6fbe58f1497fed4d1e045653a511545ab8e6981e89cec1df360fb875986d471b,OK
2026-04-24,OK,3111521,6714,4,0,0,0,0,0,83479,101585,73,KEPT,https://data.binance.vision/data/futures/um/daily/trades/BTCUSDT/BTCUSDT-trades-2026-04-24.zip,f88fb9b3069af6985ba2c46b700e381ecd7d03dbd1708191eea368b14ec12f9f,f88fb9b3069af6985ba2c46b700e381ecd7d03dbd1708191eea368b14ec12f9f,OK
2026-04-25,OK,1074571,5057,5,0,0,0,0,0,76702,23310,45,KEPT,https://data.binance.vision/data/futures/um/daily/trades/BTCUSDT/BTCUSDT-trades-2026-04-25.zip,dd0f337e23290de450fd3da5dc4da4144be22d7c2e418f98ada1e366a85a8244,dd0f337e23290de450fd3da5dc4da4144be22d7c2e418f98ada1e366a85a8244,OK
2026-04-26,OK,1958460,5296,5,0,0,0,0,0,78708,52287,40,KEPT,https://data.binance.vision/data/futures/um/daily/trades/BTCUSDT/BTCUSDT-trades-2026-04-26.zip,3e17fe54e1eed6104953383c288734dbeedecf1599e434e9388620c2dd2611b9,3e17fe54e1eed6104953383c288734dbeedecf1599e434e9388620c2dd2611b9,OK
2026-04-27,OK,3759613,7987,4,0,0,0,0,0,83760,116496,48,KEPT,https://data.binance.vision/data/futures/um/daily/trades/BTCUSDT/BTCUSDT-trades-2026-04-27.zip,5806683bd833f8bbaf8cd8e0dfcc52cfca387a8798341a787ca25481c2262d00,5806683bd833f8bbaf8cd8e0dfcc52cfca387a8798341a787ca25481c2262d00,OK
2026-04-28,OK,2755530,5874,4,0,0,0,0,0,82477,92013,40,KEPT,https://data.binance.vision/data/futures/um/daily/trades/BTCUSDT/BTCUSDT-trades-2026-04-28.zip,75b6e081de4fcf65f7099948d261f41efc05398eb2da8b1dab3df68c736f4b72,75b6e081de4fcf65f7099948d261f41efc05398eb2da8b1dab3df68c736f4b72,OK
2026-04-29,OK,3744656,6891,5,0,0,0,0,0,83959,114268,89,KEPT,https://data.binance.vision/data/futures/um/daily/trades/BTCUSDT/BTCUSDT-trades-2026-04-29.zip,543cbdea1f894c8dad3e629543df375fa4fa6bcde2b87c8c711acf61eff0b85f,543cbdea1f894c8dad3e629543df375fa4fa6bcde2b87c8c711acf61eff0b85f,OK
2026-04-30,OK,2581648,5132,4,0,0,0,0,0,80981,94134,132,KEPT,https://data.binance.vision/data/futures/um/daily/trades/BTCUSDT/BTCUSDT-trades-2026-04-30.zip,325f043620884586a87675649f53277d121bf37b8a98fb7a60216e5b7846bc97,325f043620884586a87675649f53277d121bf37b8a98fb7a60216e5b7846bc97,OK
2026-05-01,OK,3193414,7128,4,0,0,0,0,0,83049,87607,38,KEPT,https://data.binance.vision/data/futures/um/daily/trades/BTCUSDT/BTCUSDT-trades-2026-05-01.zip,f7f1d7a4c18ae8c6a6975867e38f0910014aebff2d432ddd98529cdb38f0e60a,f7f1d7a4c18ae8c6a6975867e38f0910014aebff2d432ddd98529cdb38f0e60a,OK
2026-05-02,OK,1220863,4795,4,0,0,0,0,0,76909,27772,53,KEPT,https://data.binance.vision/data/futures/um/daily/trades/BTCUSDT/BTCUSDT-trades-2026-05-02.zip,79cdef6db79a7f24244410fe1538896d68a8b8b39093784e2eaacf30c5411428,79cdef6db79a7f24244410fe1538896d68a8b8b39093784e2eaacf30c5411428,OK
2026-05-03,OK,1769810,6054,4,0,0,0,0,0,80598,45838,70,KEPT,https://data.binance.vision/data/futures/um/daily/trades/BTCUSDT/BTCUSDT-trades-2026-05-03.zip,59957718935bc2c3d80d6c5bae1f51fcbaaf42dc5186f2850a60e45f8fd0566d,59957718935bc2c3d80d6c5bae1f51fcbaaf42dc5186f2850a60e45f8fd0566d,OK
2026-05-04,OK,5588231,8976,5,0,0,0,0,0,85032,167001,58,KEPT,https://data.binance.vision/data/futures/um/daily/trades/BTCUSDT/BTCUSDT-trades-2026-05-04.zip,cea8e1e94f90a129eb70559372f18f1884764c7e110772dbe5971d650c548958,cea8e1e94f90a129eb70559372f18f1884764c7e110772dbe5971d650c548958,OK
2026-05-05,OK,3517847,9282,4,0,0,0,0,0,84888,99171,32,KEPT,https://data.binance.vision/data/futures/um/daily/trades/BTCUSDT/BTCUSDT-trades-2026-05-05.zip,9e7dd06d3c47240ba12be33e1300f4bb45dda1794bf24668417426f076c35e2e,9e7dd06d3c47240ba12be33e1300f4bb45dda1794bf24668417426f076c35e2e,OK
2026-05-06,OK,3814275,6933,4,0,0,0,0,0,83835,115086,118,KEPT,https://data.binance.vision/data/futures/um/daily/trades/BTCUSDT/BTCUSDT-trades-2026-05-06.zip,50a77ed5ba03ed6f215cba8e661e7a3aae19cd00ac400470b58a95255def7387,50a77ed5ba03ed6f215cba8e661e7a3aae19cd00ac400470b58a95255def7387,OK
2026-05-07,OK,3380745,7139,5,0,0,0,0,0,83960,111629,65,KEPT,https://data.binance.vision/data/futures/um/daily/trades/BTCUSDT/BTCUSDT-trades-2026-05-07.zip,0fb1462ee0baf95941de9bf6a78f8ee9e11209b657029b933900be8bcba4f840,0fb1462ee0baf95941de9bf6a78f8ee9e11209b657029b933900be8bcba4f840,OK
2026-05-08,OK,2837678,6639,4,0,0,0,0,0,82099,92780,102,KEPT,https://data.binance.vision/data/futures/um/daily/trades/BTCUSDT/BTCUSDT-trades-2026-05-08.zip,1d36f942654891adfb2ed5011857648fe6a12ef1b7ead50470b5d212d7f7030e,1d36f942654891adfb2ed5011857648fe6a12ef1b7ead50470b5d212d7f7030e,OK
2026-05-09,OK,1271383,4770,5,0,0,0,0,0,76876,31959,34,KEPT,https://data.binance.vision/data/futures/um/daily/trades/BTCUSDT/BTCUSDT-trades-2026-05-09.zip,b05cf30191aeb4fad48eab239a22ebfd8af8dd692b1b1dda6eb2998cfc6f1e46,b05cf30191aeb4fad48eab239a22ebfd8af8dd692b1b1dda6eb2998cfc6f1e46,OK
2026-05-10,OK,2249327,4692,4,0,0,0,0,0,77587,69229,62,KEPT,https://data.binance.vision/data/futures/um/daily/trades/BTCUSDT/BTCUSDT-trades-2026-05-10.zip,8c0bae0db0e80a5378e403332ec30cea595e6a22a65707b90bbc40c613caf6c4,8c0bae0db0e80a5378e403332ec30cea595e6a22a65707b90bbc40c613caf6c4,OK
2026-05-11,OK,3134296,7785,4,0,0,0,0,0,83228,106127,108,KEPT,https://data.binance.vision/data/futures/um/daily/trades/BTCUSDT/BTCUSDT-trades-2026-05-11.zip,0c710a52fd955ff57b82761090f1d9ffd8caba93fc1430108cc11afc1e2446a6,0c710a52fd955ff57b82761090f1d9ffd8caba93fc1430108cc11afc1e2446a6,OK
2026-05-12,OK,2704822,6919,4,0,0,0,0,0,82166,80466,36,KEPT,https://data.binance.vision/data/futures/um/daily/trades/BTCUSDT/BTCUSDT-trades-2026-05-12.zip,ea1bd9f3a405034af53a0c1047fffd6e2bbefef9490ed865ebc7abfea4922dc8,ea1bd9f3a405034af53a0c1047fffd6e2bbefef9490ed865ebc7abfea4922dc8,OK
2026-05-13,OK,2907428,8717,4,0,0,0,0,0,83173,80447,57,KEPT,https://data.binance.vision/data/futures/um/daily/trades/BTCUSDT/BTCUSDT-trades-2026-05-13.zip,9e35309b4862c9321bd735876878d73798556f0f1cb712a76c35c6efcc51b49c,9e35309b4862c9321bd735876878d73798556f0f1cb712a76c35c6efcc51b49c,OK
2026-05-14,OK,3735245,8923,4,0,0,0,0,0,84162,107450,52,KEPT,https://data.binance.vision/data/futures/um/daily/trades/BTCUSDT/BTCUSDT-trades-2026-05-14.zip,67260abf16e37a4160de0130999cee5bc4449344434808b5dae19b7d6a5d8355,67260abf16e37a4160de0130999cee5bc4449344434808b5dae19b7d6a5d8355,OK
2026-05-15,OK,3558190,6736,4,0,0,0,0,0,82870,114985,44,KEPT,https://data.binance.vision/data/futures/um/daily/trades/BTCUSDT/BTCUSDT-trades-2026-05-15.zip,784401d2f33baa239316396d4b779da8d10b6dbee0e73b9e0bed818f25f2defe,784401d2f33baa239316396d4b779da8d10b6dbee0e73b9e0bed818f25f2defe,OK
2026-05-16,OK,1893984,5602,5,0,0,0,0,0,78136,49386,15,KEPT,https://data.binance.vision/data/futures/um/daily/trades/BTCUSDT/BTCUSDT-trades-2026-05-16.zip,1ecbd477a3f65828995a22e6ed2fc031b3057ad1a4e4844350c604d2412da04f,1ecbd477a3f65828995a22e6ed2fc031b3057ad1a4e4844350c604d2412da04f,OK
2026-05-17,OK,1935246,6044,5,0,0,0,0,0,79145,60615,57,KEPT,https://data.binance.vision/data/futures/um/daily/trades/BTCUSDT/BTCUSDT-trades-2026-05-17.zip,d488a4adc1d92b74c4fff19bfaf295bfbe18d1bfc657f236e85afac2e825cb45,d488a4adc1d92b74c4fff19bfaf295bfbe18d1bfc657f236e85afac2e825cb45,OK
2026-05-18,OK,4327873,7875,5,0,0,0,0,0,84206,151061,151,KEPT,https://data.binance.vision/data/futures/um/daily/trades/BTCUSDT/BTCUSDT-trades-2026-05-18.zip,ab53ada67c43838c6fc12e0b963c88934e624c9a5438de4189778cceac9be585,ab53ada67c43838c6fc12e0b963c88934e624c9a5438de4189778cceac9be585,OK
2026-05-19,OK,2665616,6678,5,0,0,0,0,0,80677,93772,90,KEPT,https://data.binance.vision/data/futures/um/daily/trades/BTCUSDT/BTCUSDT-trades-2026-05-19.zip,c5b80c5c01c87580c407799e0089520255075de3d6bfedd9397235f0c2f2879e,c5b80c5c01c87580c407799e0089520255075de3d6bfedd9397235f0c2f2879e,OK
2026-05-20,OK,2742623,6759,4,0,0,0,0,0,80434,90977,65,KEPT,https://data.binance.vision/data/futures/um/daily/trades/BTCUSDT/BTCUSDT-trades-2026-05-20.zip,851cec25bcc15b9d3714bbcb63122304f4c87ecbe04e450d4ac92086ec63a888,851cec25bcc15b9d3714bbcb63122304f4c87ecbe04e450d4ac92086ec63a888,OK
2026-05-21,OK,2866709,5485,4,0,0,0,0,0,80580,90477,138,KEPT,https://data.binance.vision/data/futures/um/daily/trades/BTCUSDT/BTCUSDT-trades-2026-05-21.zip,0cda62bcdefc39fac8e85a32e19658559f3ad90835c55b9497448524841c9c86,0cda62bcdefc39fac8e85a32e19658559f3ad90835c55b9497448524841c9c86,OK
2026-05-22,OK,2569349,6555,6,0,0,0,0,0,80985,79804,62,KEPT,https://data.binance.vision/data/futures/um/daily/trades/BTCUSDT/BTCUSDT-trades-2026-05-22.zip,83cf6e4f2715dac79bb33b76b4695720962d2b3ed05cb2172232ad8885968765,83cf6e4f2715dac79bb33b76b4695720962d2b3ed05cb2172232ad8885968765,OK
2026-05-23,OK,3004860,7345,4,0,0,0,0,0,82960,78681,51,KEPT,https://data.binance.vision/data/futures/um/daily/trades/BTCUSDT/BTCUSDT-trades-2026-05-23.zip,35256d4cb8bb8526871e6857f8635782c50c558f5b64a12f441ef946c3eea0b4,35256d4cb8bb8526871e6857f8635782c50c558f5b64a12f441ef946c3eea0b4,OK
2026-05-24,OK,2234138,2476,5,0,0,0,0,0,80276,64372,75,KEPT,https://data.binance.vision/data/futures/um/daily/trades/BTCUSDT/BTCUSDT-trades-2026-05-24.zip,34a81fe0924d2f89e959ebe43adeec022a440a7a13fb08957b88676735dee93b,34a81fe0924d2f89e959ebe43adeec022a440a7a13fb08957b88676735dee93b,OK
2026-05-25,OK,1931005,2812,4,0,0,0,0,0,79621,56998,78,KEPT,https://data.binance.vision/data/futures/um/daily/trades/BTCUSDT/BTCUSDT-trades-2026-05-25.zip,352a64fa8dd847c99e14651b9180352d5dc93147252a2974ebf260fc4f50f1b9,352a64fa8dd847c99e14651b9180352d5dc93147252a2974ebf260fc4f50f1b9,OK
2026-05-26,OK,3665650,4912,4,0,0,0,0,0,82404,102861,110,KEPT,https://data.binance.vision/data/futures/um/daily/trades/BTCUSDT/BTCUSDT-trades-2026-05-26.zip,0edd4cec1fe55b20836cc12ee576c130cb088a837a3b24c6a9aff7afab0edaa8,0edd4cec1fe55b20836cc12ee576c130cb088a837a3b24c6a9aff7afab0edaa8,OK
2026-05-27,OK,3448760,6285,4,0,0,0,0,0,83451,97915,85,KEPT,https://data.binance.vision/data/futures/um/daily/trades/BTCUSDT/BTCUSDT-trades-2026-05-27.zip,1baf6927d76cc6e7820d73a630c926da41a95bad5d7ee1924b9b11d36259ef77,1baf6927d76cc6e7820d73a630c926da41a95bad5d7ee1924b9b11d36259ef77,OK
2026-05-28,OK,3962599,6867,4,0,0,0,0,0,84197,119467,55,KEPT,https://data.binance.vision/data/futures/um/daily/trades/BTCUSDT/BTCUSDT-trades-2026-05-28.zip,943b434e16b0195af18f9eecf1fead4dd7f66b8a932dfc584b5b131af204185f,943b434e16b0195af18f9eecf1fead4dd7f66b8a932dfc584b5b131af204185f,OK
2026-05-29,OK,3330599,6540,4,0,0,0,0,0,81199,101962,137,KEPT,https://data.binance.vision/data/futures/um/daily/trades/BTCUSDT/BTCUSDT-trades-2026-05-29.zip,b6e52342e826ef00435649d47070643217cdd770fd21a5947b39a1bbe8ea3418,b6e52342e826ef00435649d47070643217cdd770fd21a5947b39a1bbe8ea3418,OK
2026-05-30,OK,1170355,5445,5,0,0,0,0,0,73835,29661,53,KEPT,https://data.binance.vision/data/futures/um/daily/trades/BTCUSDT/BTCUSDT-trades-2026-05-30.zip,4c5ce4f25ac3e84e950d178e5393df80a12f30ebaee1d1d036a9c73fca52e989,4c5ce4f25ac3e84e950d178e5393df80a12f30ebaee1d1d036a9c73fca52e989,OK
2026-05-31,OK,1441196,4747,4,0,0,0,0,0,75833,42187,89,KEPT,https://data.binance.vision/data/futures/um/daily/trades/BTCUSDT/BTCUSDT-trades-2026-05-31.zip,1742fcaa7a9a6309cb373b0562ed5e1c1734c3267bc955cb789672ec452a1114,1742fcaa7a9a6309cb373b0562ed5e1c1734c3267bc955cb789672ec452a1114,OK
2026-06-01,OK,4458372,7020,3,0,0,0,0,0,84003,136874,63,KEPT,https://data.binance.vision/data/futures/um/daily/trades/BTCUSDT/BTCUSDT-trades-2026-06-01.zip,d281ef60e90e0591db0009f2a0c28fb5d338476a7b7de596a82ee163a603e39d,d281ef60e90e0591db0009f2a0c28fb5d338476a7b7de596a82ee163a603e39d,OK
2026-06-02,OK,7127356,8997,3,0,0,0,0,0,85762,245807,43,KEPT,https://data.binance.vision/data/futures/um/daily/trades/BTCUSDT/BTCUSDT-trades-2026-06-02.zip,7627ae77a131a37bac856545bf862a07ac2e9c894ec7d8d0cc97de02843b450c,7627ae77a131a37bac856545bf862a07ac2e9c894ec7d8d0cc97de02843b450c,OK
2026-06-03,OK,6966925,6283,4,0,0,0,0,0,85785,266199,107,KEPT,https://data.binance.vision/data/futures/um/daily/trades/BTCUSDT/BTCUSDT-trades-2026-06-03.zip,a34d2a89d0ce6ea4f102536879153fe1cdfc98c32ca96e0e6f529477fe3ba5df,a34d2a89d0ce6ea4f102536879153fe1cdfc98c32ca96e0e6f529477fe3ba5df,OK
2026-06-04,OK,10874585,8876,3,0,0,0,0,0,86099,454824,196,KEPT,https://data.binance.vision/data/futures/um/daily/trades/BTCUSDT/BTCUSDT-trades-2026-06-04.zip,76c855b98d6a3e62251ba822ffa96d8f1f1a83690a1f880ff3348fd3a7e88f81,76c855b98d6a3e62251ba822ffa96d8f1f1a83690a1f880ff3348fd3a7e88f81,OK
2026-06-05,OK,13001562,9629,3,0,0,0,0,0,86158,604130,81,KEPT,https://data.binance.vision/data/futures/um/daily/trades/BTCUSDT/BTCUSDT-trades-2026-06-05.zip,f06956567f22d61fe316a4b4e6a5bb94633661499dcf0d544e68a9c5118c27be,f06956567f22d61fe316a4b4e6a5bb94633661499dcf0d544e68a9c5118c27be,OK
2026-06-06,OK,5613152,4846,4,0,0,0,0,0,84152,232427,97,KEPT,https://data.binance.vision/data/futures/um/daily/trades/BTCUSDT/BTCUSDT-trades-2026-06-06.zip,a7d4e517b767d122032b95bf68c85c39d155dbc75638ec3c72900b9733efe313,a7d4e517b767d122032b95bf68c85c39d155dbc75638ec3c72900b9733efe313,OK
2026-06-07,OK,5625457,6512,8,0,0,0,0,0,85206,214211,7,KEPT,https://data.binance.vision/data/futures/um/daily/trades/BTCUSDT/BTCUSDT-trades-2026-06-07.zip,375110779ba76224ac9b5e04d82a8c3f91fd47baca811867a90a2efe4a3dbd05,375110779ba76224ac9b5e04d82a8c3f91fd47baca811867a90a2efe4a3dbd05,OK
2026-06-08,OK,5553169,5601,3,0,0,0,0,0,84950,230775,155,KEPT,https://data.binance.vision/data/futures/um/daily/trades/BTCUSDT/BTCUSDT-trades-2026-06-08.zip,f94b8108c1c83abd9273bb7fde37c0a1b62ebbc996e5a204365764851b4a10c1,f94b8108c1c83abd9273bb7fde37c0a1b62ebbc996e5a204365764851b4a10c1,OK
2026-06-09,OK,5499289,5001,4,0,0,0,0,0,84837,221122,135,KEPT,https://data.binance.vision/data/futures/um/daily/trades/BTCUSDT/BTCUSDT-trades-2026-06-09.zip,09ad51cdac8d4dd0ecf85cd06265296ecf98e71d410218ee35d1e91128a02323,09ad51cdac8d4dd0ecf85cd06265296ecf98e71d410218ee35d1e91128a02323,OK
2026-06-10,OK,5545622,8210,4,0,0,0,0,0,84681,245134,183,KEPT,https://data.binance.vision/data/futures/um/daily/trades/BTCUSDT/BTCUSDT-trades-2026-06-10.zip,305578d7ea6fe7498f5a8a247f337a50d03aa99ea965d10c02b3e9c3264698d4,305578d7ea6fe7498f5a8a247f337a50d03aa99ea965d10c02b3e9c3264698d4,OK
2026-06-11,OK,4464945,6448,4,0,0,0,0,0,84090,176141,53,KEPT,https://data.binance.vision/data/futures/um/daily/trades/BTCUSDT/BTCUSDT-trades-2026-06-11.zip,2170328b958bb5957a03b3968c49805f3881a1466a16d463b0b05543d7aef637,2170328b958bb5957a03b3968c49805f3881a1466a16d463b0b05543d7aef637,OK
2026-06-12,OK,3586119,5249,4,0,0,0,0,0,82707,141062,107,KEPT,https://data.binance.vision/data/futures/um/daily/trades/BTCUSDT/BTCUSDT-trades-2026-06-12.zip,3bc72b8d0306f68e0bbce17b59212fb3e2eec98391a4495e739c0525846f0084,3bc72b8d0306f68e0bbce17b59212fb3e2eec98391a4495e739c0525846f0084,OK
2026-06-13,OK,1605728,6565,4,0,0,0,0,0,79939,45947,36,KEPT,https://data.binance.vision/data/futures/um/daily/trades/BTCUSDT/BTCUSDT-trades-2026-06-13.zip,fee93d35e24c211b2e05a173996dfa79e9a746a460e156a942638576cb14456a,fee93d35e24c211b2e05a173996dfa79e9a746a460e156a942638576cb14456a,OK
2026-06-14,OK,2420457,6536,4,0,0,0,0,0,81744,75347,62,KEPT,https://data.binance.vision/data/futures/um/daily/trades/BTCUSDT/BTCUSDT-trades-2026-06-14.zip,2e410bd8e34c32ba58748275843e95cf4054033868a8807b28bafca81c8d8d3b,2e410bd8e34c32ba58748275843e95cf4054033868a8807b28bafca81c8d8d3b,OK
2026-06-15,OK,3579313,6548,4,0,0,0,0,0,84524,119473,127,KEPT,https://data.binance.vision/data/futures/um/daily/trades/BTCUSDT/BTCUSDT-trades-2026-06-15.zip,816164e49eedceca01a922807dbb44681f4f6d79ec6229ea021dd0a32a0c11f5,816164e49eedceca01a922807dbb44681f4f6d79ec6229ea021dd0a32a0c11f5,OK
2026-06-16,OK,3186832,5240,5,0,0,0,0,0,82511,119636,117,KEPT,https://data.binance.vision/data/futures/um/daily/trades/BTCUSDT/BTCUSDT-trades-2026-06-16.zip,b23c92d5d48d1a332b53049d3ad557b4aaca48c4af8b26aa41143d0dcca24eea,b23c92d5d48d1a332b53049d3ad557b4aaca48c4af8b26aa41143d0dcca24eea,OK
2026-06-17,OK,4631138,5860,3,0,0,0,0,0,83208,181910,154,KEPT,https://data.binance.vision/data/futures/um/daily/trades/BTCUSDT/BTCUSDT-trades-2026-06-17.zip,1a936970c7c553cace3d56db5d576eb6fc315fdc71d7fe4d649b4b59727faf5a,1a936970c7c553cace3d56db5d576eb6fc315fdc71d7fe4d649b4b59727faf5a,OK
2026-06-18,OK,4005801,6489,4,0,0,0,0,0,84197,138341,42,KEPT,https://data.binance.vision/data/futures/um/daily/trades/BTCUSDT/BTCUSDT-trades-2026-06-18.zip,b61672563e94b935d3aae1e9362a99c75da415dba9f6c9ef39db853b53596dcf,b61672563e94b935d3aae1e9362a99c75da415dba9f6c9ef39db853b53596dcf,OK
2026-06-19,OK,2721632,5874,5,0,0,0,0,0,81680,93017,73,KEPT,https://data.binance.vision/data/futures/um/daily/trades/BTCUSDT/BTCUSDT-trades-2026-06-19.zip,cd1b3529c7f7cb8a5e2cbe97215ff1c82730de9ebed040e012c16df7e0818bca,cd1b3529c7f7cb8a5e2cbe97215ff1c82730de9ebed040e012c16df7e0818bca,OK
2026-06-20,OK,2147300,5603,4,0,0,0,0,0,81273,67071,94,KEPT,https://data.binance.vision/data/futures/um/daily/trades/BTCUSDT/BTCUSDT-trades-2026-06-20.zip,4d772f2a59a7ea1be9595f933321f5a8eebcacba2d280b2b9c36fba7d80977a6,4d772f2a59a7ea1be9595f933321f5a8eebcacba2d280b2b9c36fba7d80977a6,OK
2026-06-21,OK,1903594,4456,4,0,0,0,0,0,80522,60094,135,KEPT,https://data.binance.vision/data/futures/um/daily/trades/BTCUSDT/BTCUSDT-trades-2026-06-21.zip,7a8cfa702b988d1598aed70e890b8359c1f20d32d093a36bd099bc9c2217f0a3,7a8cfa702b988d1598aed70e890b8359c1f20d32d093a36bd099bc9c2217f0a3,OK
2026-06-22,OK,3838509,6504,4,0,0,0,0,0,82852,140726,84,KEPT,https://data.binance.vision/data/futures/um/daily/trades/BTCUSDT/BTCUSDT-trades-2026-06-22.zip,61dbbee2b4ab3234fc35851c93b25d4fb551558e4119981365976493278dc300,61dbbee2b4ab3234fc35851c93b25d4fb551558e4119981365976493278dc300,OK
2026-06-23,OK,3993212,6050,4,0,0,0,0,0,83619,148170,43,KEPT,https://data.binance.vision/data/futures/um/daily/trades/BTCUSDT/BTCUSDT-trades-2026-06-23.zip,fb47e04c47920f915cb12a02eab1514efa3df2a8e5d7ec106844ad5694f8d38e,fb47e04c47920f915cb12a02eab1514efa3df2a8e5d7ec106844ad5694f8d38e,OK
2026-06-24,OK,5937738,6175,5,0,0,0,0,0,84098,234399,72,KEPT,https://data.binance.vision/data/futures/um/daily/trades/BTCUSDT/BTCUSDT-trades-2026-06-24.zip,3a5b741d5eaa37e425ecd518b5858e44d9f19e73b9c426ecfaa1a42b752e3a1b,3a5b741d5eaa37e425ecd518b5858e44d9f19e73b9c426ecfaa1a42b752e3a1b,OK
2026-06-25,OK,6739577,5761,4,0,0,0,0,0,84937,278150,106,KEPT,https://data.binance.vision/data/futures/um/daily/trades/BTCUSDT/BTCUSDT-trades-2026-06-25.zip,4b58ee5de3c54d3add25778afc88ac04659f2d365bd42d088495da1292cc895d,4b58ee5de3c54d3add25778afc88ac04659f2d365bd42d088495da1292cc895d,OK
2026-06-26,OK,6983368,5467,3,0,0,0,0,0,84381,291418,161,KEPT,https://data.binance.vision/data/futures/um/daily/trades/BTCUSDT/BTCUSDT-trades-2026-06-26.zip,44fb603a88384455442b3ce7ea6d147a21ac89839389d80a1b23d98271072f5a,44fb603a88384455442b3ce7ea6d147a21ac89839389d80a1b23d98271072f5a,OK
2026-06-27,OK,1933235,3712,3,0,0,0,0,0,80436,64763,69,KEPT,https://data.binance.vision/data/futures/um/daily/trades/BTCUSDT/BTCUSDT-trades-2026-06-27.zip,3f050e093117db6f6a48e83bda5baa4e248c372d532c3c8f2942000523a2de75,3f050e093117db6f6a48e83bda5baa4e248c372d532c3c8f2942000523a2de75,OK
2026-06-28,OK,2643496,5554,4,0,0,0,0,0,81679,101980,102,KEPT,https://data.binance.vision/data/futures/um/daily/trades/BTCUSDT/BTCUSDT-trades-2026-06-28.zip,cdb34b06f5826d18d5ae129bb9480c48f045dac614f5e9c079ddca4c7931dffd,cdb34b06f5826d18d5ae129bb9480c48f045dac614f5e9c079ddca4c7931dffd,OK
2026-06-29,OK,5844739,5709,3,0,0,0,0,0,83814,230099,126,KEPT,https://data.binance.vision/data/futures/um/daily/trades/BTCUSDT/BTCUSDT-trades-2026-06-29.zip,d931b6a94311017fc39a81335e70bee6533d4a13b4d6719dab2a4dfab090c8b9,d931b6a94311017fc39a81335e70bee6533d4a13b4d6719dab2a4dfab090c8b9,OK
2026-06-30,OK,4297703,6088,4,0,0,0,0,0,84201,150006,67,KEPT,https://data.binance.vision/data/futures/um/daily/trades/BTCUSDT/BTCUSDT-trades-2026-06-30.zip,042563f0f275523f9513060c5f73526706106ab60daa79bcec992e33492d35c6,042563f0f275523f9513060c5f73526706106ab60daa79bcec992e33492d35c6,OK
2026-07-01,OK,5246380,7948,4,0,0,0,0,0,85342,185750,110,KEPT,https://data.binance.vision/data/futures/um/daily/trades/BTCUSDT/BTCUSDT-trades-2026-07-01.zip,37973aa27ad7f5cdad7d080dfad506e0ad68140730fc4eab87ba10b1467ea862,37973aa27ad7f5cdad7d080dfad506e0ad68140730fc4eab87ba10b1467ea862,OK
2026-07-02,OK,4765923,4461,3,0,0,0,0,0,84485,170603,36,KEPT,https://data.binance.vision/data/futures/um/daily/trades/BTCUSDT/BTCUSDT-trades-2026-07-02.zip,6f083296716f97f776ce67499f54c296b3641024637d45caf962230a0aea4d92,6f083296716f97f776ce67499f54c296b3641024637d45caf962230a0aea4d92,OK
2026-07-03,OK,2834351,4804,3,0,0,0,0,0,83475,95790,46,KEPT,https://data.binance.vision/data/futures/um/daily/trades/BTCUSDT/BTCUSDT-trades-2026-07-03.zip,caf3ae6b2ac01727a5d58b4d9e936db0d94c716e1de7977a694cc3b8be72580d,caf3ae6b2ac01727a5d58b4d9e936db0d94c716e1de7977a694cc3b8be72580d,OK
2026-07-04,OK,1885110,3734,4,0,0,0,0,0,82234,59005,76,KEPT,https://data.binance.vision/data/futures/um/daily/trades/BTCUSDT/BTCUSDT-trades-2026-07-04.zip,8ccf1abc2b19c68220bd55795ced8477fc0fcf64f4d4841bb229c31e18e47077,8ccf1abc2b19c68220bd55795ced8477fc0fcf64f4d4841bb229c31e18e47077,OK
2026-07-05,OK,2089318,5520,4,0,0,0,0,0,81064,64182,86,KEPT,https://data.binance.vision/data/futures/um/daily/trades/BTCUSDT/BTCUSDT-trades-2026-07-05.zip,588b26b323ab531d82779bd37cb0460f9d41779427fd59e48ffb44355ce91797,588b26b323ab531d82779bd37cb0460f9d41779427fd59e48ffb44355ce91797,OK
2026-07-06,OK,5073937,7289,11,0,0,0,0,0,84941,170764,123,KEPT,https://data.binance.vision/data/futures/um/daily/trades/BTCUSDT/BTCUSDT-trades-2026-07-06.zip,ce994c03a0d2b1c892fa5d4fb1d571894a0ab33285002edcfcfdf7822aacbe05,ce994c03a0d2b1c892fa5d4fb1d571894a0ab33285002edcfcfdf7822aacbe05,OK
2026-07-07,OK,4096702,6079,3,0,0,0,0,0,84248,153033,62,KEPT,https://data.binance.vision/data/futures/um/daily/trades/BTCUSDT/BTCUSDT-trades-2026-07-07.zip,e03a7eaef03ac54aaed8db18f4467f5b65667a4fe7536c9df97ced55f263b98d,e03a7eaef03ac54aaed8db18f4467f5b65667a4fe7536c9df97ced55f263b98d,OK
2026-07-08,OK,3867222,6670,4,0,0,0,0,0,83768,146374,53,KEPT,https://data.binance.vision/data/futures/um/daily/trades/BTCUSDT/BTCUSDT-trades-2026-07-08.zip,b6e6c8f01acf19f850e83d3aede56d0122691147933b7330e239d900cea12027,b6e6c8f01acf19f850e83d3aede56d0122691147933b7330e239d900cea12027,OK
2026-07-09,OK,3623198,6877,5,0,0,0,0,0,84446,127165,75,KEPT,https://data.binance.vision/data/futures/um/daily/trades/BTCUSDT/BTCUSDT-trades-2026-07-09.zip,fd9f26570add701f97fff8b257957d0b3070e3c225a8efa5985a663f7ee3fa9d,fd9f26570add701f97fff8b257957d0b3070e3c225a8efa5985a663f7ee3fa9d,OK
2026-07-10,OK,2973359,7500,16,0,0,0,0,0,83770,90183,20,KEPT,https://data.binance.vision/data/futures/um/daily/trades/BTCUSDT/BTCUSDT-trades-2026-07-10.zip,db11370cbad8e08a9a368fc98aabd6d760545578b76e3626aea3eab93ae5f133,db11370cbad8e08a9a368fc98aabd6d760545578b76e3626aea3eab93ae5f133,OK
2026-07-11,OK,1277015,3689,4,0,0,0,0,0,77066,34166,83,KEPT,https://data.binance.vision/data/futures/um/daily/trades/BTCUSDT/BTCUSDT-trades-2026-07-11.zip,4aeedb997f9db149f75b982f2707b77f2adfa5eda29bf60aa2ac10e9f6bb716a,4aeedb997f9db149f75b982f2707b77f2adfa5eda29bf60aa2ac10e9f6bb716a,OK
2026-07-12,OK,1549044,3131,3,0,0,0,0,0,80974,41397,70,KEPT,https://data.binance.vision/data/futures/um/daily/trades/BTCUSDT/BTCUSDT-trades-2026-07-12.zip,adf0b6ab7162fd13cdeafa80193367082770c3c38b0dbbe0bf26dd7a18171b26,adf0b6ab7162fd13cdeafa80193367082770c3c38b0dbbe0bf26dd7a18171b26,OK
2026-07-13,OK,3928956,6123,4,0,0,0,0,0,84146,116315,35,KEPT,https://data.binance.vision/data/futures/um/daily/trades/BTCUSDT/BTCUSDT-trades-2026-07-13.zip,709d8794c38ccebd4321cfa24ad59f259e1aaa472f592e8e1042fb2614a728e2,709d8794c38ccebd4321cfa24ad59f259e1aaa472f592e8e1042fb2614a728e2,OK
2026-07-14,OK,3668512,7187,4,0,0,0,0,0,83778,103777,51,KEPT,https://data.binance.vision/data/futures/um/daily/trades/BTCUSDT/BTCUSDT-trades-2026-07-14.zip,82cb7d87166b20fae27208357cba2ff938176905b226ce8e0a0b348a779a155f,82cb7d87166b20fae27208357cba2ff938176905b226ce8e0a0b348a779a155f,OK
2026-07-15,OK,3001694,5251,3,0,0,0,0,0,83063,85209,101,KEPT,https://data.binance.vision/data/futures/um/daily/trades/BTCUSDT/BTCUSDT-trades-2026-07-15.zip,a45e0fbaaff8aa4b662408aa05ffacb1a12ef5bca4378a44ff70671468e5b9a3,a45e0fbaaff8aa4b662408aa05ffacb1a12ef5bca4378a44ff70671468e5b9a3,OK
2026-07-16,OK,2952021,4755,4,0,0,0,0,0,83140,82341,92,KEPT,https://data.binance.vision/data/futures/um/daily/trades/BTCUSDT/BTCUSDT-trades-2026-07-16.zip,4d2849e5d19c1d5be47c095c8066566ce45056d9db038c1019a6b2c1edcd5bd6,4d2849e5d19c1d5be47c095c8066566ce45056d9db038c1019a6b2c1edcd5bd6,OK
2026-07-17,OK,3536821,6411,5,0,0,0,0,0,83732,102813,97,KEPT,https://data.binance.vision/data/futures/um/daily/trades/BTCUSDT/BTCUSDT-trades-2026-07-17.zip,7e458a50c42bffbb3704e36e3fa808b75126b6c4d5c12f835dd464794c8e93f3,7e458a50c42bffbb3704e36e3fa808b75126b6c4d5c12f835dd464794c8e93f3,OK
2026-07-18,OK,1078072,4593,4,0,0,0,0,0,76118,22205,37,KEPT,https://data.binance.vision/data/futures/um/daily/trades/BTCUSDT/BTCUSDT-trades-2026-07-18.zip,27615b75bce2089bd58a94f14b96a4cc726b47e3f2a936914a5e332c39ab08cf,27615b75bce2089bd58a94f14b96a4cc726b47e3f2a936914a5e332c39ab08cf,OK
2026-07-19,OK,1450757,4940,4,0,0,0,0,0,78734,36372,61,KEPT,https://data.binance.vision/data/futures/um/daily/trades/BTCUSDT/BTCUSDT-trades-2026-07-19.zip,c3dc849bd3ddb92f6ee7315994c0c158c0072c3b87f0d8260d8545c36961ec63,c3dc849bd3ddb92f6ee7315994c0c158c0072c3b87f0d8260d8545c36961ec63,OK
2026-07-20,OK,3998559,5349,4,0,0,0,0,0,83500,122925,143,KEPT,https://data.binance.vision/data/futures/um/daily/trades/BTCUSDT/BTCUSDT-trades-2026-07-20.zip,9d1c1e845a81372490c327bd765b8914d5d71b5d1696aac0b723757a07e48b42,9d1c1e845a81372490c327bd765b8914d5d71b5d1696aac0b723757a07e48b42,OK
2026-07-21,OK,2926105,6154,4,0,0,0,0,0,83076,75214,46,KEPT,https://data.binance.vision/data/futures/um/daily/trades/BTCUSDT/BTCUSDT-trades-2026-07-21.zip,e96ea41113abaad2a72d1ab5607ae90a3f548ea5a44e1f1c7a9aefa54db1f337,e96ea41113abaad2a72d1ab5607ae90a3f548ea5a44e1f1c7a9aefa54db1f337,OK
2026-07-22,OK,2548708,5856,4,0,0,0,0,0,82159,70400,54,KEPT,https://data.binance.vision/data/futures/um/daily/trades/BTCUSDT/BTCUSDT-trades-2026-07-22.zip,b6d5b4fa722ddf2526fecb01cc829cd5be86d47696aede67982da29f5752fc92,b6d5b4fa722ddf2526fecb01cc829cd5be86d47696aede67982da29f5752fc92,OK
2026-07-23,OK,2557117,6512,5,0,0,0,0,0,82831,64009,30,KEPT,https://data.binance.vision/data/futures/um/daily/trades/BTCUSDT/BTCUSDT-trades-2026-07-23.zip,68dd58572c42a4e82f59dac8b58b523ce4d18582fcb58796f982d25ddb5df9c0,68dd58572c42a4e82f59dac8b58b523ce4d18582fcb58796f982d25ddb5df9c0,OK
2026-07-24,OK,2732802,7289,5,0,0,0,0,0,82934,68818,70,KEPT,https://data.binance.vision/data/futures/um/daily/trades/BTCUSDT/BTCUSDT-trades-2026-07-24.zip,b8f535a25eeffc4d7972826bb8e887229dc059962fa28553cd0c0b46c68c80d4,b8f535a25eeffc4d7972826bb8e887229dc059962fa28553cd0c0b46c68c80d4,OK
2026-07-25,OK,860616,5086,5,0,0,0,0,0,77528,15189,51,KEPT,https://data.binance.vision/data/futures/um/daily/trades/BTCUSDT/BTCUSDT-trades-2026-07-25.zip,0cd60989f5ead315cdaae4dc1bc0d0f6d0d45582c235e8c476069d31ad45292d,0cd60989f5ead315cdaae4dc1bc0d0f6d0d45582c235e8c476069d31ad45292d,OK
2026-07-26,OK,1305101,5206,5,0,0,0,0,0,77874,27118,59,KEPT,https://data.binance.vision/data/futures/um/daily/trades/BTCUSDT/BTCUSDT-trades-2026-07-26.zip,d0b10df9013088ad9a5a288100bd326a1e2169e15d0c1d278ca5d824d42bb144,d0b10df9013088ad9a5a288100bd326a1e2169e15d0c1d278ca5d824d42bb144,OK
2026-07-27,OK,3142344,6161,5,0,0,0,0,0,81546,96243,91,KEPT,https://data.binance.vision/data/futures/um/daily/trades/BTCUSDT/BTCUSDT-trades-2026-07-27.zip,316c2e4dc5f835c6147989b938f34ec3f8638c2295ec29fcacc8a68522019a4f,316c2e4dc5f835c6147989b938f34ec3f8638c2295ec29fcacc8a68522019a4f,OK
2026-07-28,OK,3031274,6045,4,0,0,0,0,0,83282,87426,97,KEPT,https://data.binance.vision/data/futures/um/daily/trades/BTCUSDT/BTCUSDT-trades-2026-07-28.zip,caa1824ead5c0b6e375a32fd1f695eff42dcde112c5fe963e19f94f3aea24fc2,caa1824ead5c0b6e375a32fd1f695eff42dcde112c5fe963e19f94f3aea24fc2,OK
2026-07-29,OK,4117256,6846,4,0,0,0,0,0,84257,126423,139,KEPT,https://data.binance.vision/data/futures/um/daily/trades/BTCUSDT/BTCUSDT-trades-2026-07-29.zip,cf2fb94fa922ba7ce91ced56819876c1d6fbbe08189e32e4bbd625869501708e,cf2fb94fa922ba7ce91ced56819876c1d6fbbe08189e32e4bbd625869501708e,OK
2026-07-30,OK,2430250,4820,4,0,0,0,0,0,80827,66807,54,KEPT,https://data.binance.vision/data/futures/um/daily/trades/BTCUSDT/BTCUSDT-trades-2026-07-30.zip,6f6e5fc9e9e83ad5f0259f3151e845b1c4d8ee68a1cbadf0994737bd599c6dfb,6f6e5fc9e9e83ad5f0259f3151e845b1c4d8ee68a1cbadf0994737bd599c6dfb,OK
2026-07-31,OK,3354622,6392,5,0,0,0,0,0,82831,89338,38,KEPT,https://data.binance.vision/data/futures/um/daily/trades/BTCUSDT/BTCUSDT-trades-2026-07-31.zip,9787c116017a3d3ddb7fd9bf166779533cae1ac36841652ae0ac33e4ba360ad3,9787c116017a3d3ddb7fd9bf166779533cae1ac36841652ae0ac33e4ba360ad3,OK
2026-08-01,OK,1084259,5287,5,0,0,0,0,0,76544,21987,42,KEPT,https://data.binance.vision/data/futures/um/daily/trades/BTCUSDT/BTCUSDT-trades-2026-08-01.zip,ca0c8c028e5911e26380f6ae78dd730ffce1fcb1fd7d4e4e6b586afb8421cbaa,ca0c8c028e5911e26380f6ae78dd730ffce1fcb1fd7d4e4e6b586afb8421cbaa,OK
2026-08-02,OK,1601195,5069,4,0,0,0,0,0,80735,35742,56,KEPT,https://data.binance.vision/data/futures/um/daily/trades/BTCUSDT/BTCUSDT-trades-2026-08-02.zip,2d1f2ee7c4cb744290c537acc7d95ff74cb285f53dcaa00d77ada0312eec537c,2d1f2ee7c4cb744290c537acc7d95ff74cb285f53dcaa00d77ada0312eec537c,OK
2026-08-03,OK,3059275,5501,3,0,0,0,0,0,83523,80283,65,KEPT,https://data.binance.vision/data/futures/um/daily/trades/BTCUSDT/BTCUSDT-trades-2026-08-03.zip,b58d7499e15eb591fb44976edbaab4e7f512e2df9c3f032fd05581c3798641dd,b58d7499e15eb591fb44976edbaab4e7f512e2df9c3f032fd05581c3798641dd,OK
2026-08-04,OK,2731792,5430,4,0,0,0,0,0,82251,73383,57,KEPT,https://data.binance.vision/data/futures/um/daily/trades/BTCUSDT/BTCUSDT-trades-2026-08-04.zip,17ecd265ed2ae966cad1b8bccbc95ea60f024d181be6d378044c1375d730aca8,17ecd265ed2ae966cad1b8bccbc95ea60f024d181be6d378044c1375d730aca8,OK
2026-08-05,OK,2629385,6615,4,0,0,0,0,0,81888,67286,75,KEPT,https://data.binance.vision/data/futures/um/daily/trades/BTCUSDT/BTCUSDT-trades-2026-08-05.zip,6cbf68e8e64475f6ef5244ee394e5fee6630f7e1e86f1c8bce7e1fba9b4e64b1,6cbf68e8e64475f6ef5244ee394e5fee6630f7e1e86f1c8bce7e1fba9b4e64b1,OK
2026-08-06,OK,1974235,5257,4,0,0,0,0,0,80983,52392,117,KEPT,https://data.binance.vision/data/futures/um/daily/trades/BTCUSDT/BTCUSDT-trades-2026-08-06.zip,105d6fa9d7d858ffa835d43ddb994427141c4125463bfcd41b59fef2e4541869,105d6fa9d7d858ffa835d43ddb994427141c4125463bfcd41b59fef2e4541869,OK
2026-08-07,OK,2397414,5573,4,0,0,0,0,0,80454,61532,61,KEPT,https://data.binance.vision/data/futures/um/daily/trades/BTCUSDT/BTCUSDT-trades-2026-08-07.zip,837e9459c9deb036eb6411ccecd0cda3eee779da61f28ad7a323b17303b9549a,837e9459c9deb036eb6411ccecd0cda3eee779da61f28ad7a323b17303b9549a,OK
2026-08-08,OK,560786,4157,5,0,0,0,0,0,71401,7102,30,KEPT,https://data.binance.vision/data/futures/um/daily/trades/BTCUSDT/BTCUSDT-trades-2026-08-08.zip,12f66809ecbe2fb00a16dfc0902c1c3a31a9931d800628d56bfe4ebcc4c27d55,12f66809ecbe2fb00a16dfc0902c1c3a31a9931d800628d56bfe4ebcc4c27d55,OK
2026-08-09,OK,904924,5177,5,0,0,0,0,0,76050,13647,56,KEPT,https://data.binance.vision/data/futures/um/daily/trades/BTCUSDT/BTCUSDT-trades-2026-08-09.zip,4781100b7470593bae089ae6040d750bba494e89afdc1eab46bd0f0878958ef3,4781100b7470593bae089ae6040d750bba494e89afdc1eab46bd0f0878958ef3,OK
2026-08-10,OK,2286748,6991,5,0,0,0,0,0,81692,56195,112,KEPT,https://data.binance.vision/data/futures/um/daily/trades/BTCUSDT/BTCUSDT-trades-2026-08-10.zip,150e25112243e033702f7183dbfa696c24b459f1d87da823340309b10f64a3a3,150e25112243e033702f7183dbfa696c24b459f1d87da823340309b10f64a3a3,OK
2026-08-11,OK,1878765,5960,4,0,0,0,0,0,81869,42571,74,KEPT,https://data.binance.vision/data/futures/um/daily/trades/BTCUSDT/BTCUSDT-trades-2026-08-11.zip,d84dae7a1d37ef0eaf345ef0c728619ac61047b97775f6b8909c3788a2623e27,d84dae7a1d37ef0eaf345ef0c728619ac61047b97775f6b8909c3788a2623e27,OK
2026-08-12,OK,2120935,4581,4,0,0,0,0,0,80267,56387,92,KEPT,https://data.binance.vision/data/futures/um/daily/trades/BTCUSDT/BTCUSDT-trades-2026-08-12.zip,c4a3fed745e0080f98e5a9d1830327bcffbff0236de357f0ca3d05b3c7419ae8,c4a3fed745e0080f98e5a9d1830327bcffbff0236de357f0ca3d05b3c7419ae8,OK
2026-08-13,OK,2091944,4993,5,0,0,0,0,0,79908,51853,75,KEPT,https://data.binance.vision/data/futures/um/daily/trades/BTCUSDT/BTCUSDT-trades-2026-08-13.zip,4b0da18991659d53bf7bf5708b5391d28e7469ed95ea36890f00a51599f49531,4b0da18991659d53bf7bf5708b5391d28e7469ed95ea36890f00a51599f49531,OK
2026-08-14,OK,1957954,5718,4,0,0,0,0,0,79116,46905,37,KEPT,https://data.binance.vision/data/futures/um/daily/trades/BTCUSDT/BTCUSDT-trades-2026-08-14.zip,1870c0b17c2726032812ce876c08819b09a546bdb6527000127c92c8cd6bfcc6,1870c0b17c2726032812ce876c08819b09a546bdb6527000127c92c8cd6bfcc6,OK
2026-08-15,OK,549548,2631,6,0,0,0,0,0,68114,7654,37,KEPT,https://data.binance.vision/data/futures/um/daily/trades/BTCUSDT/BTCUSDT-trades-2026-08-15.zip,94fe976a93a323ec2e8809a0c62db01f9328ae2f94ed68852c081b4616c6e84c,94fe976a93a323ec2e8809a0c62db01f9328ae2f94ed68852c081b4616c6e84c,OK
2026-08-16,OK,756956,4748,5,0,0,0,0,0,73566,12329,53,KEPT,https://data.binance.vision/data/futures/um/daily/trades/BTCUSDT/BTCUSDT-trades-2026-08-16.zip,59d8cb69d6536c895d3fa22e78b11ee4e50a0f1be30c464d90b0efd3c987c30b,59d8cb69d6536c895d3fa22e78b11ee4e50a0f1be30c464d90b0efd3c987c30b,OK
2026-08-17,OK,2236208,11092,4,0,0,0,0,0,83105,48536,19,KEPT,https://data.binance.vision/data/futures/um/daily/trades/BTCUSDT/BTCUSDT-trades-2026-08-17.zip,b95468daafb0ab84f1d4e27150160a3a07b54cabb186c06c365b1187fb0ffe35,b95468daafb0ab84f1d4e27150160a3a07b54cabb186c06c365b1187fb0ffe35,OK
2026-08-18,OK,1636466,8477,4,0,0,0,0,0,79023,38572,65,KEPT,https://data.binance.vision/data/futures/um/daily/trades/BTCUSDT/BTCUSDT-trades-2026-08-18.zip,8063a3ba07b9af225122b14a1a8f71f7c657d891c38f0a38cf2d52d1fba47ea5,8063a3ba07b9af225122b14a1a8f71f7c657d891c38f0a38cf2d52d1fba47ea5,OK
2026-08-19,OK,5388815,17304,17,0,0,0,0,0,82092,178275,35,KEPT,https://data.binance.vision/data/futures/um/daily/trades/BTCUSDT/BTCUSDT-trades-2026-08-19.zip,77455a6091e82bce16d6db6b27bd113d4fc309be9a3f552c1cfc45dd8d6eda1a,77455a6091e82bce16d6db6b27bd113d4fc309be9a3f552c1cfc45dd8d6eda1a,OK
2026-08-20,OK,6661451,18817,4,0,0,0,0,0,85639,250922,68,KEPT,https://data.binance.vision/data/futures/um/daily/trades/BTCUSDT/BTCUSDT-trades-2026-08-20.zip,02fb456dca1b13f8c0216484c8b714c54ca07379dffa7f712e1a51583957a102,02fb456dca1b13f8c0216484c8b714c54ca07379dffa7f712e1a51583957a102,OK
2026-08-21,OK,10546515,18916,6,0,0,0,0,0,86094,464696,41,KEPT,https://data.binance.vision/data/futures/um/daily/trades/BTCUSDT/BTCUSDT-trades-2026-08-21.zip,09d2d2311cb5dcc5bd3fc6950faa19a83c3e38ae81feb804c3dc26048d2c1b7e,09d2d2311cb5dcc5bd3fc6950faa19a83c3e38ae81feb804c3dc26048d2c1b7e,OK
2026-08-22,OK,3803207,14423,13,0,0,0,0,0,82582,155383,77,KEPT,https://data.binance.vision/data/futures/um/daily/trades/BTCUSDT/BTCUSDT-trades-2026-08-22.zip,1453008f14b60e0b18edc028cd8b04ffbf300303b11fd4aa344ab43c21c2f270,1453008f14b60e0b18edc028cd8b04ffbf300303b11fd4aa344ab43c21c2f270,OK
2026-08-23,OK,3238550,12044,4,0,0,0,0,0,82184,120281,98,KEPT,https://data.binance.vision/data/futures/um/daily/trades/BTCUSDT/BTCUSDT-trades-2026-08-23.zip,e5dbdb1286ea5e35de4e716d994fc46790e2ca786bb46ec864a210cb64737304,e5dbdb1286ea5e35de4e716d994fc46790e2ca786bb46ec864a210cb64737304,OK
2026-08-24,OK,5914733,16260,4,0,0,0,0,0,84470,234637,114,KEPT,https://data.binance.vision/data/futures/um/daily/trades/BTCUSDT/BTCUSDT-trades-2026-08-24.zip,19ec7e6aa254b946961999a344631b6cadcdd56b95f2cae288e2bc0f2c95361d,19ec7e6aa254b946961999a344631b6cadcdd56b95f2cae288e2bc0f2c95361d,OK
2026-08-25,OK,5743532,18090,7,0,0,0,0,0,85393,221831,153,KEPT,https://data.binance.vision/data/futures/um/daily/trades/BTCUSDT/BTCUSDT-trades-2026-08-25.zip,635db5ad113b864dba6e9c7c0690658f647568a3af431aa5e491fa1c630fd7b6,635db5ad113b864dba6e9c7c0690658f647568a3af431aa5e491fa1c630fd7b6,OK
2026-08-26,OK,3532420,17098,4,0,0,0,0,0,83473,140051,104,KEPT,https://data.binance.vision/data/futures/um/daily/trades/BTCUSDT/BTCUSDT-trades-2026-08-26.zip,6de1bfb47219e70f247fda01af1b0b1932264a893383f6b588195cf0f8d70614,6de1bfb47219e70f247fda01af1b0b1932264a893383f6b588195cf0f8d70614,OK
2026-08-27,OK,3801694,14545,5,0,0,0,0,0,82833,130764,47,KEPT,https://data.binance.vision/data/futures/um/daily/trades/BTCUSDT/BTCUSDT-trades-2026-08-27.zip,3e8e4b6f017b0765d1834cc25622252d1f024e7a305f330418dc8b23d60204f9,3e8e4b6f017b0765d1834cc25622252d1f024e7a305f330418dc8b23d60204f9,OK
2026-08-28,OK,4680910,16059,6,0,0,0,0,0,84148,154683,81,KEPT,https://data.binance.vision/data/futures/um/daily/trades/BTCUSDT/BTCUSDT-trades-2026-08-28.zip,f8699d36b5b61ace794e1e83291ace9a5f1faef4207c9ffe0d65fa8931726ca5,f8699d36b5b61ace794e1e83291ace9a5f1faef4207c9ffe0d65fa8931726ca5,OK
2026-08-29,OK,1207066,7792,5,0,0,0,0,0,76265,28503,72,KEPT,https://data.binance.vision/data/futures/um/daily/trades/BTCUSDT/BTCUSDT-trades-2026-08-29.zip,d0cf3eb31331fb295a533a8d3c01d905e348c722b0a0a7f5f70c6be39c75e390,d0cf3eb31331fb295a533a8d3c01d905e348c722b0a0a7f5f70c6be39c75e390,OK
2026-08-30,OK,2268832,9283,4,0,0,0,0,0,77980,73245,79,KEPT,https://data.binance.vision/data/futures/um/daily/trades/BTCUSDT/BTCUSDT-trades-2026-08-30.zip,bd8bc71a8658e20387166546a13189bc6e9ec993e014d8feeedc516b1e362bf5,bd8bc71a8658e20387166546a13189bc6e9ec993e014d8feeedc516b1e362bf5,OK
2026-08-31,OK,3545613,16626,5,0,0,0,0,0,83783,127403,100,KEPT,https://data.binance.vision/data/futures/um/daily/trades/BTCUSDT/BTCUSDT-trades-2026-08-31.zip,815f164eb9dd9f87f1abf42fb5af40c6f641a401a2765ca4a6e08a61307e4b15,815f164eb9dd9f87f1abf42fb5af40c6f641a401a2765ca4a6e08a61307e4b15,OK
