split,first_fail,events
develop,INDEPENDENT_AGREE:NO_LEAN,1252
develop,INDEPENDENT_AGREE:NO_CONFIRM,690
develop,CLOCK_OK:IMPULSE_I3,476
develop,INDEPENDENT_AGREE:LIQ_VETO,352
develop,CLOCK_OK:IMPULSE_I1,239
develop,EDGE_OK,171
develop,CLOCK_OK:IMPULSE_I2,89
develop,CLUSTER_DUP,49
develop,AGREE,36
develop,INDEPENDENT_AGREE:EPISODE_ONCE,22
validate,INDEPENDENT_AGREE:NO_LEAN,391
validate,INDEPENDENT_AGREE:NO_CONFIRM,178
validate,CLOCK_OK:IMPULSE_I3,120
validate,INDEPENDENT_AGREE:LIQ_VETO,105
validate,EDGE_OK,55
validate,CLOCK_OK:IMPULSE_I2,39
validate,CLOCK_OK:IMPULSE_I1,34
validate,CLUSTER_DUP,21
validate,AGREE,16
validate,INDEPENDENT_AGREE:EPISODE_ONCE,5
test,INDEPENDENT_AGREE:NO_LEAN,224
test,INDEPENDENT_AGREE:NO_CONFIRM,117
test,CLOCK_OK:IMPULSE_I1,77
test,INDEPENDENT_AGREE:LIQ_VETO,71
test,CLOCK_OK:IMPULSE_I3,63
test,EDGE_OK,45
test,CLUSTER_DUP,9
test,AGREE,5
test,INDEPENDENT_AGREE:EPISODE_ONCE,3
test,CLOCK_OK:IMPULSE_I2,3
