level_type,box,s,tsib_bucket,populated,dev_nR,dev_nB,dev_nNONE,dev_nNA,dev_raw_share,prior_alpha,prior_beta,p_hat,dev_binom_p,dev_bh_q,lean,H_L,validate_nR,validate_nB,validate_nNONE,validate_nNA,validate_raw_share,validate_binom_p_1s,test_nR,test_nB,test_nNONE,test_nNA,test_raw_share,test_binom_p_1s,validate_pass,test_pass,h1_cell_pass
IBH,UTC,1,15-120,True,17,8,1,0,0.68,36.61239621724382,15.204734792698366,0.6979223971578026,0.10775214433670044,0.16951410028223807,False,NONE,3,1,1,0,0.75,,1,1,1,0,0.5,,False,False,False
IBH,UTC,1,120-360,True,33,12,10,0,0.7333333333333333,36.61239621724382,15.204734792698366,0.7190090791896664,0.002458900322096724,0.006871541341145833,False,NONE,14,6,8,0,0.7,,6,2,2,0,0.75,,False,False,False
IBH,UTC,1,360+,True,124,48,13,0,0.7209302325581395,36.61239621724382,15.204734792698366,0.7176054643025035,6.127842029861934e-09,1.038089763497124e-07,True,RESPECT,33,16,15,0,0.673469387755102,0.010647057070693577,17,11,4,0,0.6071428571428571,0.17246422544121742,True,True,True
IBH,UTC,-1,15-120,True,41,23,8,0,0.640625,36.61239621724382,15.204734792698366,0.6701288103102924,0.0327657590988232,0.06241096971204419,False,NONE,16,7,6,0,0.6956521739130435,,9,5,1,0,0.6428571428571429,,False,False,False
IBH,UTC,-1,120-360,True,56,29,7,0,0.6588235294117647,36.61239621724382,15.204734792698366,0.6769064336725048,0.004511640408355218,0.011279101020888044,False,NONE,24,5,5,0,0.8275862068965517,,10,11,5,0,0.47619047619047616,,False,False,False
IBH,UTC,-1,360+,True,161,47,27,0,0.7740384615384616,36.61239621724382,15.204734792698366,0.7605826276700821,8.374674841667446e-16,3.3498699366669784e-14,True,RESPECT,32,26,14,0,0.5517241379310345,0.25592115421908457,33,7,13,0,0.825,2.1138511328899767e-05,False,True,False
IBH,NY,1,15-120,True,6,6,0,0,0.5,36.61239621724382,15.204734792698366,0.6677266047984068,1.0,1.0,False,NONE,3,0,0,0,1.0,,1,1,0,0,0.5,,False,False,False
IBH,NY,1,120-360,True,7,7,1,0,0.5,36.61239621724382,15.204734792698366,0.6626298586405389,1.0,1.0,False,NONE,3,3,0,0,0.5,,1,2,0,0,0.3333333333333333,,False,False,False
IBH,NY,-1,15-120,True,21,11,0,0,0.65625,36.61239621724382,15.204734792698366,0.6873582467337134,0.11018416518345475,0.16951410028223807,False,NONE,9,8,0,0,0.5294117647058824,,7,2,0,0,0.7777777777777778,,False,False,False
IBH,NY,-1,120-360,True,18,10,0,0,0.6428571428571429,36.61239621724382,15.204734792698366,0.6842189831458761,0.1849333420395851,0.2739753215401261,False,NONE,11,2,0,0,0.8461538461538461,,5,4,1,0,0.5555555555555556,,False,False,False
IBL,UTC,1,15-120,True,46,29,5,0,0.6133333333333333,13.870247725982027,6.350554035459203,0.6287517708155439,0.06394991646706692,0.11121724602968161,False,NONE,17,4,1,0,0.8095238095238095,,8,6,1,0,0.5714285714285714,,False,False,False
IBL,UTC,1,120-360,True,58,31,13,0,0.651685393258427,13.870247725982027,6.350554035459203,0.6580271025931504,0.005544959035344681,0.013046962436105132,False,NONE,12,5,4,0,0.7058823529411765,,5,5,1,0,0.5,,False,False,False
IBL,UTC,1,360+,True,145,72,16,0,0.6682027649769585,13.870247725982027,6.350554035459203,0.6697146563299636,8.120325857475708e-07,5.413550571650472e-06,True,RESPECT,36,13,7,0,0.7346938775510204,0.0007013442518477575,29,14,3,0,0.6744186046511628,0.015769748676575546,True,True,True
IBL,UTC,-1,15-120,True,15,11,2,0,0.5769230769230769,13.870247725982027,6.350554035459203,0.6246159007580532,0.557197093963623,0.6753904169256036,False,NONE,7,0,2,0,1.0,,3,3,0,0,0.5,,False,False,False
IBL,UTC,-1,120-360,True,54,20,8,0,0.7297297297297297,13.870247725982027,6.350554035459203,0.7203318848615141,9.612986582365388e-05,0.0004806493291182694,False,NONE,16,8,2,0,0.6666666666666666,,3,4,1,0,0.42857142857142855,,False,False,False
IBL,UTC,-1,360+,True,121,47,15,0,0.7202380952380952,13.870247725982027,6.350554035459203,0.7165533589476583,1.038089763497124e-08,1.038089763497124e-07,True,RESPECT,37,6,8,0,0.8604651162790697,8.180620625353185e-07,12,8,3,0,0.6,0.2517223358154297,True,True,True
IBL,NY,1,15-120,True,24,16,0,0,0.6,13.870247725982027,6.350554035459203,0.6288565847396267,0.26818725105476915,0.35758300140635885,False,NONE,9,2,0,0,0.8181818181818182,,2,1,0,0,0.6666666666666666,,False,False,False
IBL,NY,1,120-360,True,26,9,1,0,0.7428571428571429,13.870247725982027,6.350554035459203,0.7220150098186737,0.005988120567053557,0.01330693459345235,False,NONE,3,5,1,0,0.375,,3,0,0,0,1.0,,False,False,False
IBL,NY,-1,15-120,True,10,0,0,0,1.0,13.870247725982027,6.350554035459203,0.7898614972034962,0.001953125,0.006510416666666667,False,NONE,4,1,0,0,0.8,,1,0,0,0,1.0,,False,False,False
IBL,NY,-1,120-360,True,23,4,0,0,0.8518518518518519,13.870247725982027,6.350554035459203,0.780805203440847,0.000310748815536499,0.001242995262145996,False,NONE,2,4,0,0,0.3333333333333333,,1,0,0,0,1.0,,False,False,False
IBM,UTC,1,15-120,True,37,23,3,0,0.6166666666666667,1512.9222922003157,642.0052857336993,0.699762063392616,0.09246098107292373,0.15410163512153954,False,NONE,9,4,2,0,0.6923076923076923,,8,4,1,0,0.6666666666666666,,False,False,False
IBM,UTC,1,120-360,True,56,22,11,0,0.717948717948718,1512.9222922003157,642.0052857336993,0.7026301738151038,0.00014948153872377523,0.0006643623943278899,False,NONE,16,5,9,0,0.7619047619047619,,10,5,5,0,0.6666666666666666,,False,False,False
IBM,UTC,1,360+,True,140,59,21,0,0.7035175879396985,1512.9222922003157,642.0052857336993,0.7021975984711668,8.936771879806201e-09,1.038089763497124e-07,True,RESPECT,55,14,10,0,0.7971014492753623,3.460958460029819e-07,30,14,5,0,0.6818181818181818,0.011314420602957398,True,True,True
IBM,UTC,-1,15-120,True,36,18,6,0,0.6666666666666666,1512.9222922003157,642.0052857336993,0.7012100838765412,0.01983432672806828,0.03966865345613656,False,NONE,11,9,0,0,0.55,,7,4,0,0,0.6363636363636364,,False,False,False
IBM,UTC,-1,120-360,True,64,20,8,0,0.7619047619047619,1512.9222922003157,642.0052857336993,0.7043203664744846,1.5849255649693016e-06,9.056717514110294e-06,False,NONE,20,6,4,0,0.7692307692307693,,5,3,3,0,0.625,,False,False,False
IBM,UTC,-1,360+,True,135,58,23,0,0.6994818652849741,1512.9222922003157,642.0052857336993,0.7018624883014293,2.9717942645488167e-08,2.3774354116390534e-07,True,RESPECT,22,13,10,0,0.6285714285714286,0.087732624495402,25,9,4,0,0.7352941176470589,0.004520592745393515,False,True,False
IBM,NY,1,15-120,True,19,14,0,0,0.5757575757575758,1512.9222922003157,642.0052857336993,0.7001704753165813,0.48685024166479707,0.6085628020809963,False,NONE,11,7,0,0,0.6111111111111112,,5,2,0,0,0.7142857142857143,,False,False,False
IBM,NY,1,120-360,True,29,8,0,0,0.7837837837837838,1512.9222922003157,642.0052857336993,0.7034549442795199,0.0007528970600105822,0.0027378074909475717,False,NONE,6,2,0,0,0.75,,9,2,1,0,0.8181818181818182,,False,False,False
IBM,NY,-1,15-120,True,31,13,0,0,0.7045454545454546,1512.9222922003157,642.0052857336993,0.7021251212151769,0.009559878856634896,0.020126060750810307,False,NONE,7,1,0,0,0.875,,3,5,0,0,0.375,,False,False,False
IBM,NY,-1,120-360,True,28,9,0,0,0.7567567567567568,1512.9222922003157,642.0052857336993,0.7029987248268031,0.0025632079923525453,0.006871541341145833,False,NONE,8,1,2,0,0.8888888888888888,,2,3,0,0,0.4,,False,False,False
VWAP,UTC,1,15-120,True,8,3,0,0,0.7272727272727273,712642.9655172414,287356.0344827586,0.7126438390788506,0.2265625,0.3125,False,NONE,3,2,0,0,0.6,,2,1,0,0,0.6666666666666666,,False,False,False
VWAP,UTC,1,120-360,True,1,2,1,0,0.3333333333333333,712642.9655172414,287356.0344827586,0.7126425402321609,1.0,1.0,False,NONE,0,0,0,0,,,2,1,0,0,0.6666666666666666,,False,False,False
VWAP,UTC,1,360+,True,11,7,1,0,0.6111111111111112,712642.9655172414,287356.0344827586,0.7126418506057811,0.480682373046875,0.6085628020809963,False,NONE,2,1,0,0,0.6666666666666666,,2,2,1,0,0.5,,False,False,False
VWAP,UTC,-1,15-120,True,11,5,0,0,0.6875,712642.9655172414,287356.0344827586,0.7126432758681034,0.210113525390625,0.3001621791294643,False,NONE,0,0,0,0,,,0,0,0,0,,,False,False,False
VWAP,UTC,-1,120-360,True,3,1,1,0,0.75,712642.9655172414,287356.0344827586,0.7126438275857586,0.625,0.7142857142857143,False,NONE,1,0,0,0,1.0,,0,1,0,0,0.0,,False,False,False
VWAP,UTC,-1,360+,True,17,3,3,0,0.85,712642.9655172414,287356.0344827586,0.712646425235162,0.0025768280029296875,0.006871541341145833,False,NONE,4,2,0,0,0.6666666666666666,,1,2,0,0,0.3333333333333333,,False,False,False
VWAP,NY,1,15-120,True,2,2,0,0,0.5,712642.9655172414,287356.0344827586,0.7126428275887586,1.0,1.0,False,NONE,0,0,0,0,,,0,1,0,0,0.0,,False,False,False
VWAP,NY,1,120-360,True,1,1,0,0,0.5,712642.9655172414,287356.0344827586,0.7126432528739886,1.0,1.0,False,NONE,0,0,0,0,,,1,0,0,0,1.0,,False,False,False
VWAP,NY,-1,15-120,True,5,0,0,0,1.0,712642.9655172414,287356.0344827586,0.7126451149367816,0.0625,0.11121724602968161,False,NONE,0,0,0,0,,,0,0,0,0,,,False,False,False
VWAP,NY,-1,120-360,True,3,1,0,0,0.75,712642.9655172414,287356.0344827586,0.7126438275857586,0.625,0.7142857142857143,False,NONE,0,0,1,0,,,0,1,0,0,0.0,,False,False,False
