split,split_by_oi,n_confirm_RESPECT,delta_real_RESPECT,n_AGREE_RESPECT,mean_ynet3_AGREE_RESPECT
develop,loaded (oi_d5c > 0),494,0.8710193614451481,36,2.723027351021423
develop,plain (oi_d5c <= 0),749,-0.651009397966191,0,
develop,oi NA,0,,0,
validate,loaded (oi_d5c > 0),167,1.393254352090304,16,1.5871361115236748
validate,plain (oi_d5c <= 0),235,-1.1151206121201431,0,
validate,oi NA,0,,0,
test,loaded (oi_d5c > 0),103,0.44258666793702184,5,5.485463535555793
test,plain (oi_d5c <= 0),150,-1.1068962044446828,0,
test,oi NA,0,,0,
