split,H,h,n_real_confirm,n_real_other,mean_real_confirm,mean_real_other,n_plac_confirm,n_plac_other,mean_plac_confirm,mean_plac_other,delta_real,delta_plac,I,I_lo95,I_hi95,I_lo975,I_hi975,delta_real_lo95,delta_real_hi95,I_boot_se,mde_I,regime_tag,n_AGREE,mean_ynet3_AGREE
develop,RESPECT,3,26,18,-2.4339532365593994,0.6379569728995321,39,37,0.2593242863019688,2.012422973673946,-3.0719102094589315,-1.7530986873719772,-1.3188115220869543,-6.3363955528003,4.38573748553651,-7.118033134265737,5.286118341409172,-8.647749529254254,1.4364387529432714,2.764429035276876,7.740401298775252,post_cash,0,
develop,BREAK,3,2,42,2.6043401947868943,1.1093066249709291,11,65,-5.090775712536473,-0.4396117592894083,1.4950335698159651,-4.651163953247065,6.14619752306303,-7.729303014384578,20.284812985199842,-9.104327747943271,21.89353776565556,-8.51287955380014,11.133430120179279,7.430439459436677,20.805230486422694,post_cash,0,
validate,RESPECT,3,2,5,6.19813365306139,0.3566044283257142,23,14,1.2137582099026687,2.318739593396805,5.841529224735676,-1.1049813834941362,6.946510608229812,2.081972961950283,11.77637141134889,1.7390341519362678,12.370830708420865,2.5507071064194005,9.331937963214456,2.587398468406433,7.244715711538012,post_cash,0,
validate,BREAK,3,0,7,,-2.025612778250193,4,33,-8.072746444259305,-0.8511456775236189,,-7.221600766735686,,,,,,,,,,post_cash,0,
test,RESPECT,3,6,6,2.735381785847536,2.0369706942380623,1,2,2.1762579803159134,1.3165031961113156,0.6984110916094739,0.8597547842045978,-0.16134369259512393,-5.971223594306999,6.478902776261028,-6.7200900559086465,6.699777183451926,-5.182340302294357,6.978317170209477,3.313687377390014,9.278324656692039,post_cash,0,
test,BREAK,3,1,11,-9.624278074881296,-1.7281669823302084,1,2,-0.3390210636704748,-2.235121654434035,-7.896111092551088,1.89610059076356,-9.792211683314648,-12.24820927541671,-5.563067210436144,-12.626534871515975,-4.757121024764526,-10.72300916337282,-3.174641628686816,1.7577336354006385,4.921654179121788,post_cash,0,
develop,RESPECT,3,15,19,3.328370147466621,1.5087419913950881,30,39,0.10722412385169745,3.0618252130784938,1.819628156071533,-2.9546010892267964,4.774229245298329,-2.305948681500173,12.645664203670846,-3.327180531602831,13.86845559686811,-3.415733399591041,7.491208266541772,3.7063079820963,10.37766234986964,cme_break,1,3.8406045015619656
develop,BREAK,3,5,29,-3.3444843527464534,-2.133421664992197,11,58,-8.428729278872487,-0.515722154448532,-1.2110626877542563,-7.913007124423954,6.701944436669698,-5.849581098613916,15.181878799564739,-7.837921668590383,16.020993353686695,-13.676121997152288,5.15929409713425,5.102077902466144,14.285818126905202,cme_break,1,3.8406045015619656
validate,RESPECT,3,6,4,2.479888851420583,3.935455653840493,19,27,2.576827038725342,0.7749483022451003,-1.4555668024199102,1.8018787364802415,-3.2574455389001518,-12.640515547622316,3.4728677323151596,-13.947286444814399,4.047776598351495,-9.922249427311183,4.05969887520228,4.119415780361139,11.534364185011189,cme_break,0,
validate,BREAK,3,3,7,-4.5580300172348736,-2.421009381740121,7,39,-8.094221097696863,-0.33907103109028636,-2.1370206354947525,-7.755150066606577,5.618129431111824,-3.4310796354076376,10.210576404421948,-4.228119963403088,11.280427175588953,-8.983323580808449,1.8977785040229047,3.513173777449864,9.83688657685962,cme_break,0,
test,RESPECT,3,5,2,1.1038026312332927,-3.124648426405428,5,2,0.9520862947801664,-3.5267206421773993,4.22845105763872,4.478806936957565,-0.2503558793188452,-9.141992107008399,4.650863178815254,-9.86895406945499,5.100239339081423,0.17993820146484193,9.25285877847145,3.3248151364178606,9.309482381970009,cme_break,0,
test,BREAK,3,0,7,,0.10432624237777054,2,5,3.5267206421773993,-0.9520862947801664,,4.478806936957565,,,,,,,,,,cme_break,0,
develop,RESPECT,3,1029,1084,-0.5630530881276433,-0.700427245677776,1888,1482,0.6636671377425606,-0.42839216291936216,0.13737415755013271,1.0920593006619228,-0.9546851431117901,-2.517314331981968,0.714837746081016,-2.817649272167483,0.9218641683762757,-0.9848926987049768,1.2916895128810526,0.8362918819462327,2.3416172694494515,other,35,2.691096575291693
develop,BREAK,3,267,1846,1.5526779270342064,0.5005849162946484,479,2891,0.5599687446495041,-0.3065898994460644,1.0520930107395579,0.8665586440955685,0.18553436664398937,-2.63078162474437,3.2662658546206944,-3.0867908950955703,3.8506134634055837,-1.3015139583675526,3.4281932252385996,1.5063176749376035,4.21768948982529,other,35,2.691096575291693
validate,RESPECT,3,330,304,0.3732658019325343,-0.07603203935994868,601,473,0.18023674585424004,0.5195065243121952,0.44929784129248296,-0.3392697784579552,0.7885676197504381,-0.9387935230609986,2.574426507138354,-1.152037852657689,2.8348207019659735,-0.7513898579891792,1.7760056485464397,0.9108613991689798,2.5504119176731432,other,16,1.5871361115236748
validate,BREAK,3,56,578,0.06271825754459874,-0.17919757282839016,119,955,0.23908332262760143,-0.400523335759949,0.24191583037298892,0.6396066583875504,-0.39769082801456146,-5.07648324572577,4.574610511756791,-5.649929723082623,5.224930091485722,-2.932804947603658,3.578265779059057,2.419092470893601,6.773458918502082,other,16,1.5871361115236748
test,RESPECT,3,201,185,-1.027527014541806,-0.575493846440599,307,196,0.5141441155043425,-0.15716263233961633,-0.4520331681012071,0.6713067478439588,-1.123339915945166,-4.820245570024213,2.260090713479249,-5.284954099356901,2.773410369832223,-2.7796048831947786,2.0975640232594808,1.8153235157605139,5.082905844129439,other,5,5.485463535555793
test,BREAK,3,30,356,0.10593758320188193,0.8702841685908915,41,462,-2.357570013924243,-0.06575324015232537,-0.7643465853890096,-2.2918167737719175,1.527470188382908,-11.361524637278691,12.752244451023714,-12.881739780102604,13.690815503580541,-8.199083435509047,8.489672487584619,6.52596170649617,18.272692778189274,other,5,5.485463535555793
