run,n_lean_develop,lean_cells,H1_PASS,H2_PASS,G_PASS,I_RESPECT_validate,I_RESPECT_validate_lo975,delta_real_RESPECT_validate,I_BREAK_validate,I_BREAK_validate_lo975,delta_real_BREAK_validate,n_AGREE_validate,mean_ynet3_AGREE_validate,I_RESPECT_test,I_RESPECT_test_lo975,delta_real_RESPECT_test,I_BREAK_test,I_BREAK_test_lo975,delta_real_BREAK_test,n_AGREE_test,mean_ynet3_AGREE_test
primary,6,IBH|UTC|1|360+:RESPECT;IBH|UTC|-1|360+:RESPECT;IBL|UTC|1|360+:RESPECT;IBL|UTC|-1|360+:RESPECT;IBM|UTC|1|360+:RESPECT;IBM|UTC|-1|360+:RESPECT,True,False,False,0.13727948660410214,-2.070575703071976,-0.07308424639092723,-0.6536480136983605,-5.807480410886738,-0.6960835509441481,16,1.5871361115236746,-2.0760012409260487,-5.022177886928538,-0.4760790666766373,-2.1090546467730764,-14.582082330009964,-1.2710709598471044,5,5.485463535555793
TI_into>=0.10,6,IBH|UTC|1|360+:RESPECT;IBH|UTC|-1|360+:RESPECT;IBL|UTC|1|360+:RESPECT;IBL|UTC|-1|360+:RESPECT;IBM|UTC|1|360+:RESPECT;IBM|UTC|-1|360+:RESPECT,True,False,False,-0.8950403097234365,-3.288150031186504,-0.4932332564515516,-0.8916523772065781,-6.079373930877902,-0.7249480827758612,10,2.443085205983933,-1.9321235013874798,-5.520125152326895,-0.38192597728772826,-0.6829008702718751,-12.980573242346727,-0.8635815585291695,3,-5.342944782077279
TI_into>=0.30,6,IBH|UTC|1|360+:RESPECT;IBH|UTC|-1|360+:RESPECT;IBL|UTC|1|360+:RESPECT;IBL|UTC|-1|360+:RESPECT;IBM|UTC|1|360+:RESPECT;IBM|UTC|-1|360+:RESPECT,True,False,False,0.4814470222248883,-1.5659996590525171,0.31182194837291466,0.9567935853220861,-4.203771035185114,0.2809851240251147,20,2.1395971566992764,-0.6038891705074192,-2.8718411405465227,0.818439771290876,-3.1961158875200306,-15.393347835381228,-1.938262242598415,8,1.4248104164433917
arming 10 bars,8,IBH|UTC|1|360+:RESPECT;IBH|UTC|-1|360+:RESPECT;IBL|UTC|1|120-360:RESPECT;IBL|UTC|1|360+:RESPECT;IBL|UTC|-1|360+:RESPECT;IBM|UTC|1|360+:RESPECT;IBM|UTC|-1|120-360:RESPECT;IBM|UTC|-1|360+:RESPECT,True,False,False,0.08612783207253755,-1.7376111287288203,-0.0005248549737411623,-1.516303798203984,-5.786094845554252,-1.0771344498207611,19,1.2904212981501235,-1.894396762158826,-4.493163440113391,-0.5165483179950001,-0.5788318879290063,-11.610763439676763,0.14236224034607914,5,5.485463535555793
arming 20 bars,6,IBH|UTC|1|360+:RESPECT;IBH|UTC|-1|360+:RESPECT;IBL|UTC|1|360+:RESPECT;IBL|UTC|-1|360+:RESPECT;IBM|UTC|1|360+:RESPECT;IBM|UTC|-1|360+:RESPECT,True,False,False,0.12833640140545147,-2.4758706844646023,-0.13082683831176342,-1.495904738774873,-6.860823869734094,-1.045584872429173,13,1.744263977972999,-1.5135044165000373,-4.760103319809813,-0.0945545502956372,-1.3226035707237356,-14.923008187219565,-0.5120776413056372,5,5.485463535555793
r = 5 bp,7,IBH|UTC|1|360+:RESPECT;IBH|UTC|-1|360+:RESPECT;IBL|UTC|1|120-360:RESPECT;IBL|UTC|1|360+:RESPECT;IBL|UTC|-1|360+:RESPECT;IBM|UTC|1|360+:RESPECT;IBM|UTC|-1|360+:RESPECT,True,False,False,0.13727948660410214,-2.070575703071976,-0.07308424639092723,-0.6536480136983605,-5.807480410886738,-0.6960835509441481,16,1.5871361115236746,-2.0760012409260487,-5.022177886928538,-0.4760790666766373,-2.1090546467730764,-14.582082330009964,-1.2710709598471044,5,5.485463535555793
r = 20 bp,3,IBH|UTC|-1|360+:RESPECT;IBL|UTC|-1|360+:RESPECT;IBM|UTC|-1|360+:RESPECT,False,False,False,0.13727948660410214,-2.070575703071976,-0.07308424639092723,-0.6536480136983605,-5.807480410886738,-0.6960835509441481,16,1.5871361115236746,-2.0760012409260487,-5.022177886928538,-0.4760790666766373,-2.1090546467730764,-14.582082330009964,-1.2710709598471044,5,5.485463535555793
H = 15 bars,6,IBH|UTC|1|360+:RESPECT;IBH|UTC|-1|360+:RESPECT;IBL|UTC|1|360+:RESPECT;IBL|UTC|-1|360+:RESPECT;IBM|UTC|1|360+:RESPECT;IBM|UTC|-1|360+:RESPECT,True,False,False,0.13727948660410214,-2.070575703071976,-0.07308424639092723,-0.6536480136983605,-5.807480410886738,-0.6960835509441481,16,1.5871361115236746,-2.0760012409260487,-5.022177886928538,-0.4760790666766373,-2.1090546467730764,-14.582082330009964,-1.2710709598471044,5,5.485463535555793
H = 60 bars,6,IBH|UTC|1|360+:RESPECT;IBH|UTC|-1|360+:RESPECT;IBL|UTC|1|360+:RESPECT;IBL|UTC|-1|360+:RESPECT;IBM|UTC|1|360+:RESPECT;IBM|UTC|-1|360+:RESPECT,True,False,False,0.13727948660410214,-2.070575703071976,-0.07308424639092723,-0.6536480136983605,-5.807480410886738,-0.6960835509441481,16,1.5871361115236746,-2.0760012409260487,-5.022177886928538,-0.4760790666766373,-2.1090546467730764,-14.582082330009964,-1.2710709598471044,5,5.485463535555793
CAL=PROXY,6,IBH|UTC|1|360+:RESPECT;IBH|UTC|-1|360+:RESPECT;IBL|UTC|1|360+:RESPECT;IBL|UTC|-1|360+:RESPECT;IBM|UTC|1|360+:RESPECT;IBM|UTC|-1|360+:RESPECT,True,False,False,-0.06327723982106565,-2.2470289282079303,-0.23113054605648342,-1.1668021401793656,-6.657934381651012,-1.6960187605633268,13,0.96803029757294,-1.208769178259118,-3.9242408570499685,-0.0252163820071023,3.019435107660226,-3.570150722841115,0.5266467395848793,5,5.485463535555793
clusters excluded,6,IBH|UTC|1|360+:RESPECT;IBH|UTC|-1|360+:RESPECT;IBL|UTC|1|360+:RESPECT;IBL|UTC|-1|360+:RESPECT;IBM|UTC|1|360+:RESPECT;IBM|UTC|-1|360+:RESPECT,True,False,False,0.251818899721077,-2.1126736634195153,0.04145516672604767,-0.23413040430407278,-5.529250335786488,-0.2765659415498605,0,,-2.275889394580313,-5.882199092567425,-0.675967220330902,-2.4433681231201567,-15.494764696206532,-1.6053844361941847,0,
BOX=EXCLUSIVE,6,IBH|UTC|1|360+:RESPECT;IBH|UTC|-1|360+:RESPECT;IBL|UTC|1|360+:RESPECT;IBL|UTC|-1|360+:RESPECT;IBM|UTC|1|360+:RESPECT;IBM|UTC|-1|360+:RESPECT,True,False,False,-0.40446352044839773,-2.354590272208319,-0.18764457582040717,-1.916018771752666,-7.092728342347006,-1.7778143773370398,0,,-0.7884239337502059,-3.0204787630871035,0.5583068581520498,0.901504447635791,-5.422344830267424,1.657064875772898,0,
UTC box only,6,IBH|UTC|1|360+:RESPECT;IBH|UTC|-1|360+:RESPECT;IBL|UTC|1|360+:RESPECT;IBL|UTC|-1|360+:RESPECT;IBM|UTC|1|360+:RESPECT;IBM|UTC|-1|360+:RESPECT,True,False,False,0.7568926143534374,-1.0167364921843778,0.46298404627716483,0.10801543551375276,-4.951771077945815,0.05530305039450212,16,1.5871361115236746,-1.052640764231143,-5.138874690072476,-0.3500689451765403,0.9723093213955053,-12.834000164288433,-0.9874633650742574,5,5.485463535555793
NY box only,0,,False,False,False,-3.3367882600936434,-10.316450645250393,-3.050399878572829,-3.3385135546894116,-13.932916981472598,-3.2864612649844585,0,,-7.544935147809619,-17.120914403520786,-1.7152687414312884,-12.167294356992416,-23.51020306235808,-3.0575502267591155,0,
sigma placebos,6,IBH|UTC|1|360+:RESPECT;IBH|UTC|-1|360+:RESPECT;IBL|UTC|1|360+:RESPECT;IBL|UTC|-1|360+:RESPECT;IBM|UTC|1|360+:RESPECT;IBM|UTC|-1|360+:RESPECT,True,False,False,-0.008320448113101592,-1.926141599742863,-0.07308424639092723,-2.692437841257605,-7.240413029899917,-0.6960835509441481,16,1.5871361115236746,-0.4015391658571764,-3.3037178008350114,-0.4760790666766373,-2.404827108610731,-14.174056284147868,-1.2710709598471044,5,5.485463535555793
"5 m bars (arming 3, H = 6, Y_fwd h = 1 bar)",6,IBH|UTC|1|360+:RESPECT;IBH|UTC|-1|360+:RESPECT;IBL|UTC|1|360+:RESPECT;IBL|UTC|-1|360+:RESPECT;IBM|UTC|1|360+:RESPECT;IBM|UTC|-1|360+:RESPECT,True,False,False,-0.3268176646419533,-2.9851009468742076,-0.5599910694782886,1.8238499975921572,-1.3424273903346717,0.5876880351773281,0,,2.7716113737697285,-3.67180126103149,1.2894554236151126,-0.23156569520067133,-5.78158168973831,-0.0028502634651870196,0,
