ts,mid,session_low,session_high,vwap,vwap_band_lo,vwap_band_hi,print_volume,print_count,signed_volume_beyond_level,bid_depth,ask_depth,depth_drop_pct,cvd_align,reload_side,shelf_confirm,event_window,macro_clear,venue,vwap_source
0,100000,99500,100500,100000,99500,100500,0,0,0,10,10,0,true,,,false,false,BN_AGG,MMT_DEV
5,100000,99500,100500,100000,99500,100500,0.05,1,0.05,10,10,0,true,,,false,false,BN_AGG,MMT_DEV
10,100000,99500,100500,100000,99500,100500,0,0,0,10,10,0,true,,,false,false,BN_AGG,MMT_DEV
15,100520,99500,100500,100000,99500,100500,0.2,2,0.2,9,8,0,true,ask,,false,false,BN_AGG,MMT_DEV
20,100530,99500,100500,100000,99500,100500,0.3,3,0.3,8,7,0,true,ask,,false,false,BN_AGG,MMT_DEV
25,100540,99500,100500,100000,99500,100500,0.4,4,0.4,8,7,0,true,ask,,false,false,BN_AGG,MMT_DEV
30,100550,99500,100500,100000,99500,100500,0.5,5,0.5,8,7,0,true,ask,,false,false,BN_AGG,MMT_DEV
35,100560,99500,100500,100000,99500,100500,0.6,6,0.6,8,7,0,true,ask,,false,false,BN_AGG,MMT_DEV
40,100570,99500,100500,100000,99500,100500,0.7,7,0.7,8,7,0,true,ask,,false,false,BN_AGG,MMT_DEV
45,100580,99500,100500,100000,99500,100500,0.8,8,0.8,8,7,0,true,ask,,false,false,BN_AGG,MMT_DEV
50,100590,99500,100500,100000,99500,100500,0.9,9,0.9,8,7,0,true,ask,,false,false,BN_AGG,MMT_DEV
55,100600,99500,100500,100000,99500,100500,1.0,10,1.0,8,7,0,true,ask,,false,false,BN_AGG,MMT_DEV
60,100610,99500,100500,100000,99500,100500,1.1,11,1.1,8,7,0,true,ask,,false,false,BN_AGG,MMT_DEV
65,100620,99500,100500,100000,99500,100500,1.2,12,1.2,8,7,0,true,ask,,false,false,BN_AGG,MMT_DEV
70,100630,99500,100500,100000,99500,100500,1.3,13,1.3,8,7,0,true,ask,,false,false,BN_AGG,MMT_DEV
75,100640,99500,100500,100000,99500,100500,1.4,14,1.4,8,7,0,true,ask,,false,false,BN_AGG,MMT_DEV
80,100650,99500,100500,100000,99500,100500,1.5,15,1.5,8,7,0,true,ask,,false,false,BN_AGG,MMT_DEV
85,100660,99500,100500,100000,99500,100500,1.6,16,1.6,8,7,0,true,ask,,false,false,BN_AGG,MMT_DEV
90,100670,99500,100500,100000,99500,100500,1.7,17,1.7,8,7,0,true,ask,,false,false,BN_AGG,MMT_DEV
95,100680,99500,100500,100000,99500,100500,1.8,18,1.8,8,7,0,true,ask,,false,false,BN_AGG,MMT_DEV
100,100690,99500,100500,100000,99500,100500,1.9,19,1.9,8,7,0,true,ask,,false,false,BN_AGG,MMT_DEV
105,100700,99500,100500,100000,99500,100500,2.0,20,2.0,8,7,0,true,ask,,false,false,BN_AGG,MMT_DEV
110,100710,99500,100500,100000,99500,100500,2.1,21,2.1,8,7,0,true,ask,,false,false,BN_AGG,MMT_DEV
115,100720,99500,100500,100000,99500,100500,2.2,22,2.2,8,7,0,true,ask,,false,false,BN_AGG,MMT_DEV
120,100730,99500,100500,100000,99500,100500,2.3,23,2.3,8,7,0,true,ask,,false,false,BN_AGG,MMT_DEV
125,100740,99500,100500,100000,99500,100500,2.4,24,2.4,8,7,0,true,ask,,false,false,BN_AGG,MMT_DEV
130,100750,99500,100500,100000,99500,100500,2.5,25,2.5,8,7,0,true,ask,,false,false,BN_AGG,MMT_DEV
