board,time_et,time_vienna,time_utc,range_low_est,range_high_est,footprint_cells_top_to_bottom,net_cells_usd_m,net_cells_btc_est,volume_btc_est,oi_close_est,oi_change_est,depth_delta_0_5pct_usd_m_est,heatmap_note,notes,cvd_cells_integrated_est
A,16:27,22:27,20:27,84360,84480.8,occluded,,,440,,,46,yellow bid ~84335-84340 at far-left edge (gone by 16:28),left edge; cells mostly hidden by legend; visible-range high 84480.80 marker here,-2129
A,16:28,22:28,20:28,84305.6,84361.3,84360:-0.146M | 84350:-2M | 84340:-6M | 84330:-0.265M | 84320:-3M | 84310:+0.432M | 84300:+0.1M,-10.88,-129,250,96319,95,59,,,-2258
A,16:29,22:29,20:29,84310.4,84334.0,84330:-0.684M | 84320:-4M | 84310:-3M,-7.68,-91,133,96368,50,38,"first yellow at ~84300-84310 at right edge of slot; lens 84310=15.10, 84300=20.36 BTC",,-2349
A,16:30,22:30,20:30,84300.0,84332.4,84330:-0.201M | 84320:-2M | 84310:-8M | 84300:+4.5M,-5.7,-68,379.67,96529,160,94.86,"lens 84310=223.57, 84300=147.20 BTC; band ~84345-84350 starts; depth delta 94.86M",header O84310.20 H84332.40 L84300.00 C84332.40 Vol379.67; OI legend O96369.78 H96533.94 L96369.78 C96529.40; CVD -2416.51; 84300 cell tooltip 667K x 5.20M d+4.50M S5.90M UNFINISHED AUCTION,-2417
A,16:31,22:31,20:31,84331.1,84375,84370:-0.345M | 84360:+1M | 84350:+5M | 84340:+0.093M | 84330:+0.422M,6.17,73,202,96591,62,111,"lens 84320=158.13, 84310=215.05, 84300=143.89 BTC",lower cells under tooltip; 84330 cell sign uncertain,-2344
A,16:32,22:32,20:32,84370,84405,84400:-0.21M | 84390:+0.951M | 84380:+0.517M | 84370:+3M,4.26,50,137,96608,17,111,,cells rendered dimmed (16:32-16:37) but legible,-2294
A,16:33,22:33,20:33,84400,84415,84410:+0.993M | 84400:+2M,2.99,35,72,96608,0,111,full stack visible: ~84295-84332 block + ~84340-84354 (lower bands hidden by tooltip 16:31-16:33),,-2259
A,16:34,22:34,20:34,84410,84415,84410:+1M,1,12,33,96591,-17,111,,,-2247
A,16:35,22:35,20:35,84370,84415,84410:-2M | 84400:-0.41M | 84390:-1M | 84380:-0.298M | 84370:+1M,-2.71,-32,77,96608,17,117,,,-2279
A,16:36,22:36,20:36,84370,84395,84390:+0.984M | 84380:+0.914M | 84370:+1M,2.9,34,51,96608,0,135,,,-2245
A,16:37,22:37,20:37,84390,84395,84390:-1M,-1,-12,25,96624,17,134,extra yellow band ~84365-84370 appears; green (moderate) ~84355-84359,,-2257
A,16:38,22:38,20:38,84399.4,84410.8,84410:+0.202M | 84400:+0.709M | 84390:+2M,2.91,34,46,96641,17,136,,,-2223
A,16:39,22:39,20:39,84399.4,84410.8,84410:-0.415M | 84400:-0.328M | 84390:-0.839M,-1.58,-19,33,96641,0,130,,,-2242
A,16:40,22:40,20:40,84388.0,84399.1,84390:-0.766M | 84380:+0.609M,-0.16,-2,33,96657,17,133,stack intact through this slot,,-2244
A,16:41,22:41,20:41,84249.7,84391.2,84390:-0.177M | 84380:-2M | 84370:-10M | 84360:-8M | 84350:-23M | 84340:-0.805M | 84330:-18M | 84320:-12M | 84310:-21M | 84300:-13M | 84290:-0.57M | 84280:-0.863M | 84270:-0.264M | 84260:-5M | 84250:+0.633M | 84240:+0.602M,-113.44,-1345,1519,97616,942,54,all yellow bands gone from this slot onward,POC -23M @84350; net ~-113M,-3589
A,16:42,22:42,20:42,84240.1,84260.5,84260:-0.05M | 84250:+0.012M | 84240:-2M,-2.04,-24,94,97616,0,78,,,-3613
A,16:43,22:43,20:43,84188.8,84248.9,84240:-1M | 84230:-2M | 84220:-2M | 84210:-3M | 84200:-2M | 84190:-0.051M | 84180:+0.458M,-9.59,-114,440,97665,33,68,,visible-range low 84188.80,-3727
A,16:44,22:44,20:44,84199.0,84210.7,84210:-0.03M | 84200:-1M | 84190:+1M,-0.03,0,77,97665,0,77,,,-3727
A,16:45,22:45,20:45,84206.2,84219.3,84210:-2M | 84200:-0.245M,-2.25,-27,94,97665,0,78,,,-3754
A,16:46,22:46,20:46,84199.0,84358.5,84350:+2M | 84340:+2M | 84330:+5M | 84320:+4M | 84310:+5M | 84300:+3M | 84290:+2M | 84280:+2M | 84270:+0.228M | 84260:+3M | 84250:+5M | 84240:+5M | 84230:+4M | 84220:+4M | 84210:+3M | 84200:+0.516M | 84190:+0.982M,50.73,602,752,97967,289,59,,,-3152
A,16:47,22:47,20:47,84320.0,84386.9,84380:+3M | 84370:+3M | 84360:+7M | 84350:+6M | 84340:+6M | 84330:+4M | 84320:+4M,33,391,527,98462,479,59,,,-2761
A,16:48,22:48,20:48,84323.5,84366.4,84360:-0.395M | 84350:-0.112M | 84340:-0.822M | 84330:+0.432M | 84320:+0.607M,-0.29,-3,64,98446,-17,52,,,-2764
A,16:49,22:49,20:49,84314.3,84332.0,84330:-0.08M | 84320:-0.425M | 84310:+0.985M,0.48,6,38,98429,-17,62,new yellow blob ~84378-84384 (side ambiguous),,-2758
A,16:50,22:50,20:50,84324.6,84388.6,84380:+4M | 84370:+2M | 84360:+0.858M | 84350:+1M | 84340:+0.526M | 84330:+0.104M | 84320:+1M,9.49,112,193,,,70,blob at ~84380 behind the 4M cell,OI pane occluded by live OI tag,-2646
B,17:18,23:18,21:18,84460,84475,occluded,,,35,98790,5,46,yellow band ~84446-84456 visible from left edge,"left edge; cells clipped (?677K @84470, +?M @84460); OI flat within ~±16 BTC/bar (pixel resolution)",-2465
B,17:19,23:19,21:19,84451.2,84475.5,84470:-0.983M | 84460:+0.254M | 84450:-0.577M,-1.31,-15,40,98785,-5,52,,visible-range high 84475.50 printed 17:18-17:19; OI flat within ~±16 BTC/bar (pixel resolution),-2480
B,17:20,23:20,21:20,84450,84455,84450:-0.381M,-0.38,-5,7,98782,-3,52,,OI flat within ~±16 BTC/bar (pixel resolution),-2485
B,17:21,23:21,21:21,84450,84455,84450:-1M,-1,-12,16,98782,0,38,,OI flat within ~±16 BTC/bar (pixel resolution),-2497
B,17:22,23:22,21:22,84450,84455,84450:-0.719M,-0.72,-9,27,98785,3,38,,OI flat within ~±16 BTC/bar (pixel resolution),-2506
B,17:23,23:23,21:23,84450.5,84457.0,84450:+0.748M,0.75,9,63,98782,-3,51,,OI flat within ~±16 BTC/bar (pixel resolution),-2497
B,17:24,23:24,21:24,84450.5,84457.0,84450:-2M,-2,-24,33,98778,-4,45,lens 84450=315.66 BTC,OI flat within ~±16 BTC/bar (pixel resolution),-2521
B,17:25,23:25,21:25,84450.8,84450.9,84450:-4M,-4,-47,48.65,98798,14,40.31,lens 84450=302.42 BTC (cursor cell),header O84450.90 H84450.90 L84450.80 C84450.80 Vol48.65; OI legend O98784.26 H98798.22 L98784.16 C98797.92; CVD -2567.96; depth delta 40.31M,-2568
B,17:26,23:26,21:26,84392.0,84450.5,84450:-25M | 84440:-0.433M | 84430:-0.557M | 84420:-0.247M | 84410:-0.525M | 84400:-2M | 84390:+1M,-27.76,-329,395,98861,63,31,lens 84450=15.09 BTC; band ends at this candle,84440 cell partly hidden by operator box (-433K or -453K),-2897
B,17:27,23:27,21:27,84393.3,84409.2,84400:-0.495M | 84390:+0.375M,-0.12,-1,50,98845,-16,35,no bright bands under price,,-2898
B,17:28,23:28,21:28,84393.0,84409.2,84400:-0.828M | 84390:+0.476M,-0.35,-4,38,98829,-16,31,,,-2902
B,17:29,23:29,21:29,84389.5,84404.2,84400:+0.465M | 84390:+0.203M | 84380:+0.438M,1.11,13,55,98814,-16,29.85,,live bar at 17:29:47; low 84389.50; last 84404.10,-2889
